desc;cod_incidencia;tabla
El identificador de contrato debe existir en la tabla Contratos ;R0014322321;bi_corp_bdr.jm_interv_cto
El identificador de cliente debe existir en la tabla Clientes ;R0017322341;bi_corp_bdr.jm_interv_cto
Si la forma de intervención es distinta de mancomunado el porcentaje de responsabilidad debe ser igual a 100%;R0018322;bi_corp_bdr.jm_interv_cto
No deben existir registros duplicados;R0111322;bi_corp_bdr.jm_interv_cto
El valor del campo Tipo de Intervención debe existir en la tabla de baremos correspondiente (3.2.2);R0502322;bi_corp_bdr.jm_interv_cto
El valor del campo Empresa debe existir en la tabla de baremos correspondiente (3.2.2);R1268322;bi_corp_bdr.jm_interv_cto
El valor del campo Forma de Intervención debe existir en la tabla de baremos correspondiente (3.2.2);R1269322;bi_corp_bdr.jm_interv_cto
La fecha fin de relación debe ser mayor o igual que la fecha de inicio de relación;R0455341;bi_corp_bdr.jm_client_bii
No deben existir registros duplicados;R0124341;bi_corp_bdr.jm_client_bii
La fecha inicio relación debe ser menor o igual que la fecha de proceso de la información;R0454341;bi_corp_bdr.jm_client_bii
El valor del campo Código Sector Actividad debe existir en la tabla de baremos correspondiente (3.4.1);R0506341;bi_corp_bdr.jm_client_bii
Fecha inicio relación debe ser distinta de ‘9999-12-31’;R0757341;bi_corp_bdr.jm_client_bii
Fecha inicio relación debe ser distinta de ‘0001-01-01’;R0758341;bi_corp_bdr.jm_client_bii
Fecha fin relación debe ser distinta de ‘0001-01-01’;R0759341;bi_corp_bdr.jm_client_bii
El cliente debe tener algún registro asociado en la tabla Intervinientes Contrato ;R0043341322;bi_corp_bdr.jm_client_bii
El identificador de cliente debe existir en la tabla Calificación cliente;R0936341;bi_corp_bdr.jm_client_bii
El valor del campo Industry debe existir en la tabla de baremos correspondiente;R1096341;bi_corp_bdr.jm_client_bii
Fecha inicio relación debe ser menor o igual que Fecha de Operación;R0975341;bi_corp_bdr.jm_client_bii
Fecha fin relación debe ser mayor o igualque Fecha de Operación ;R0976341;bi_corp_bdr.jm_client_bii
El valor del campo Empresa debe existir en la tabla de baremos correspondiente (3.4.1);R1289341;bi_corp_bdr.jm_client_bii
El valor del campo Tipo de Persona debe existir en la tabla de baremos correspondiente (3.4.1);R1290341;bi_corp_bdr.jm_client_bii
El valor del campo Marca de Carterizado debe existir en la tabla de baremos correspondiente (3.4.1);R1291341;bi_corp_bdr.jm_client_bii
El valor del campo País debe existir en la tabla de baremos correspondiente (3.4.1);R1292341;bi_corp_bdr.jm_client_bii
El valor del campo Código de Segmento Cliente debe existir en la tabla de baremos correspondiente (3.4.1);R1293341;bi_corp_bdr.jm_client_bii
La Fecha de Nacimiento debe ser menor o igual que la fecha de proceso de los datos (3.4.1);R1456341;bi_corp_bdr.jm_client_bii
El valor del campo País de negocio debe existir en la tabla de baremos correspondiente (3.4.1);R1457341;bi_corp_bdr.jm_client_bii
El valor del campo tratamiento especial no existe (3.4.10);R1563341;bi_corp_bdr.jm_client_bii
El valor del campo grado de vinculación no existe (3.4.10);R1564341;bi_corp_bdr.jm_client_bii
El valor del campo UTP Cliente no existe (3.4.10);R1565341;bi_corp_bdr.jm_client_bii
El contrato informado en el registro debe estar en la tabla de Contratos ;R10383111;bi_corp_bdr.jm_trz_cont_ren
El contrato antiguo informado debe estar en la tabla de Contratos;R10403111;bi_corp_bdr.jm_trz_cont_ren
No deben existir registros duplicados ;R10573111;bi_corp_bdr.jm_trz_cont_ren
El valor del campo Divisa debe existir en la tabla de baremos correspondiente (3.11.1);R13853111;bi_corp_bdr.jm_trz_cont_ren
El Motivo de Renumeración Global debe existir en la tabla de baremos correspondiente (3.11.1);R14953111;bi_corp_bdr.jm_trz_cont_ren
La Fecha de inicio debe ser anterior o igual a la Fecha de Baja (3.11.1);R14963111;bi_corp_bdr.jm_trz_cont_ren
La fecha desde debe corresponderse con la fecha de proceso  (3.1.2);R1410312;bi_corp_bdr.jm_prov_esotr
El valor del campo Empresa debe existir en la tabla de baremos correspondiente (3.1.2);R1411312;bi_corp_bdr.jm_prov_esotr
El identificador de contrato debe existir en la tabla Contratos  (3.1.2);R1412312;bi_corp_bdr.jm_prov_esotr
El valor del campo Tipo de importe2 debe existir en la tabla de baremos correspondiente (3.1.2)   ;R1413312;bi_corp_bdr.jm_prov_esotr
El valor del campo Divisa debe existir en la tabla de baremos correspondiente(3.1.2);R1414312;bi_corp_bdr.jm_prov_esotr
No deben existir registros duplicados (3.1.2);R1415312;bi_corp_bdr.jm_prov_esotr
El valor del campo Stage no existe (3.1.2);R1562312;bi_corp_bdr.jm_prov_esotr
El identificador de contrato debe de existir en la tabla Contratos;R0024324321;bi_corp_bdr.jm_posic_contr
El campo cuenta contable local debe estar informado;R0279324;bi_corp_bdr.jm_posic_contr
No deben existir registros duplicados;R0102324;bi_corp_bdr.jm_posic_contr
La Fecha datos se debe corresponder con la fecha de proceso de los datos;R0276324;bi_corp_bdr.jm_posic_contr
El campo Divisa debe estar informado;R0282324;bi_corp_bdr.jm_posic_contr
Fecha mes debe ser igual a Fecha datos;R0827324;bi_corp_bdr.jm_posic_contr
Fecha mes debe ser distinto de ‘0001-01-01’;R0828324;bi_corp_bdr.jm_posic_contr
Fecha mes debe ser distinto de ‘9999-12-31’;R0829324;bi_corp_bdr.jm_posic_contr
El valor del campo Empresa debe existir en la tabla de baremos correspondiente (3.2.4);R1250324;bi_corp_bdr.jm_posic_contr
El valor del campo Divisa debe existir en la tabla de baremos correspondiente(3.2.4);R1251324;bi_corp_bdr.jm_posic_contr
El identificador de contrato debe de existir en la tabla Contratos;R0025325321;bi_corp_bdr.jm_contr_otros
No deben existir registros duplicados;R0103325;bi_corp_bdr.jm_contr_otros
El campo TAE debe estar en el intervalo 0-100;R0250325;bi_corp_bdr.jm_contr_otros
El porcentaje del tipo de interes debe estar entre 0 y 100;R0354325;bi_corp_bdr.jm_contr_otros
La Fecha datos se debe corresponder con la fecha de proceso de la informacion;R0355325;bi_corp_bdr.jm_contr_otros
El valor del campo Situacion Gestion debe existir en la tabla de baremos correspondiente (3.2.5);R0504325;bi_corp_bdr.jm_contr_otros
Fecha mes debe ser igual a Fecha datos;R0822325;bi_corp_bdr.jm_contr_otros
Fecha mes debe ser distinto de ‘0001-01-01’;R0824325;bi_corp_bdr.jm_contr_otros
Fecha mes debe ser distinto de ‘9999-12-31’;R0825325;bi_corp_bdr.jm_contr_otros
El valor del campo Estado de la Tarjeta debe existir en la tabla de baremos correspondiente  (3.2.5);R1066325;bi_corp_bdr.jm_contr_otros
El valor del campo unidad de negocio transversal debe existir en la tabla de baremos correspondiente (3.2.5);R1067325;bi_corp_bdr.jm_contr_otros
El valor del campo sub unidad de negocio transversal debe existir en la tabla de baremos correspondiente (3.2.5);R1068325;bi_corp_bdr.jm_contr_otros
El campo Riesgo subestandar debe contener un valor valido;R1071325;bi_corp_bdr.jm_contr_otros
El campo Internegocio debe contener un valor valido;R1074325;bi_corp_bdr.jm_contr_otros
El valor del campo Motivo Alta Exposicion debe existir en la tabla de baremos correspondiente (3.2.5);R1075325;bi_corp_bdr.jm_contr_otros
El campo Indicador de subrogacion debe contener un valor valido;R1076325;bi_corp_bdr.jm_contr_otros
El valor del campo Tipo de interes de referencia debe existir en la tabla de baremos correspondiente (3.2.5);R1077325;bi_corp_bdr.jm_contr_otros
El campo Indicador de existencia Seguro de credito debe contener un valor valido;R1078325;bi_corp_bdr.jm_contr_otros
El campo Indicador de amortizacion parcial anticipada debe contener un valor valido;R1079325;bi_corp_bdr.jm_contr_otros
El valor del campo Estado Promocion Inmobiliaria debe existir en la tabla de baremos correspondiente (3.2.5);R1082325;bi_corp_bdr.jm_contr_otros
El valor del campo Empresa debe existir en la tabla de baremos correspondiente (3.2.5);R1252325;bi_corp_bdr.jm_contr_otros
El valor del campo Tipo de Liquidacion debe existir en la tabla de baremos correspondiente (3.2.5);R1253325;bi_corp_bdr.jm_contr_otros
El valor del campo Tipo de Amortizacion debe existir en la tabla de baremos correspondiente (3.2.5);R1254325;bi_corp_bdr.jm_contr_otros
El valor del campo Identificacion inversion/ negociacion debe existir en la tabla de baremos correspondiente (3.2.5);R1255325;bi_corp_bdr.jm_contr_otros
El valor del campo Codigo de Impago Historico debe existir en la tabla de baremos correspondiente (3.2.5);R1387325;bi_corp_bdr.jm_contr_otros
El valor del campo Indicador Tipo de Carencia debe existir en la tabla de baremos correspondiente (3.2.5);R1445325;bi_corp_bdr.jm_contr_otros
El valor del campo BuySell debe contener un valor valido (B o S) (3.2.5);R1446325;bi_corp_bdr.jm_contr_otros
El valor del suelo en el tipo interes debe estar entre 0 y 100  (3.2.5);R1447325;bi_corp_bdr.jm_contr_otros
El valor del techo en el tipo interes debe estar entre 0 y 100  (3.2.5);R1448325;bi_corp_bdr.jm_contr_otros
El valor del campo Tipo de Suelo (frecuencia) debe existir en la tabla de baremos correspondiente (3.2.5);R1449325;bi_corp_bdr.jm_contr_otros
El valor del campo Tipo de Techo (frecuencia) debe existir en la tabla de baremos correspondiente (3.2.5);R1450325;bi_corp_bdr.jm_contr_otros
El valor del campo Plazo de revision tipo de interes variable debe existir en la tabla de baremos correspondiente (3.2.5);R1451325;bi_corp_bdr.jm_contr_otros
La Proxima fecha de pago de la cuota no debe ser anterior al mes de datos (3.2.5);R1452325;bi_corp_bdr.jm_contr_otros
El numero de dias en atraso no debe ser menor que cero (3.2.5);R1453325;bi_corp_bdr.jm_contr_otros
El valor del campo Marcas Cautivas debe contener un valor valido (S, N o espacios) (3.2.5);R1454325;bi_corp_bdr.jm_contr_otros
El valor del tipo de interes efectivo debe estar entre 0 y 100 (3.2.5);R1506325;bi_corp_bdr.jm_contr_otros
El valor del campo Empresa de reporte debe existir en la tabla de baremos correspondiente (3.2.5);R1507325;bi_corp_bdr.jm_contr_otros
El valor del campo Empresa de reporte debe ser distinto de cero (3.2.5);R1508325;bi_corp_bdr.jm_contr_otros
El valor del campo forma de pago actual no existe (3.2.5);R1544325;bi_corp_bdr.jm_contr_otros
El campo cuenta contable local debe estar informado;R0733326;bi_corp_bdr.jm_expos_no_con
No deben existir registros duplicados;R0104326;bi_corp_bdr.jm_expos_no_con
La Fecha datos se debe corresponder con la fecha de proceso de los datos;R0269326;bi_corp_bdr.jm_expos_no_con
La Fecha mes se debe  corresponder con la fecha de proceso de datos;R0270326;bi_corp_bdr.jm_expos_no_con
El valor del campo Empresa debe existir en la tabla de baremos correspondiente (3.2.6);R1256326;bi_corp_bdr.jm_expos_no_con
El valor del campo Codigo de identificacion entidad cargabal debe existir en la tabla de baremos correspondiente (3.2.6);R1509326;bi_corp_bdr.jm_expos_no_con
La fecha datos se debe corresponder con la fecha de proceso;R0871327;bi_corp_bdr.jm_cal_in_co
La fecha de calificacion debe ser distinta de ‘0001-01-01’;R0879327;bi_corp_bdr.jm_cal_in_co
La fecha de calificacion debe ser distinta de ‘9999-31-12’;R0880327;bi_corp_bdr.jm_cal_in_co
La fecha de caducidad debe ser distinta de ‘0001-01-01’;R0881327;bi_corp_bdr.jm_cal_in_co
No deben existir registros duplicados;R0926327;bi_corp_bdr.jm_cal_in_co
El identificador de contrato debe existir en la tabla Adicional Calificacion Contrato;R0934327;bi_corp_bdr.jm_cal_in_co
El identificador de contrato debe existir en la tabla Contratos;R0945327;bi_corp_bdr.jm_cal_in_co
El valor del campo Tipo de modelo scoring/ratingdebe existir en la tabla de baremos correspondiente (3.2.7);R0940327;bi_corp_bdr.jm_cal_in_co
El contrato no debe tener mas de una puntuacion por tipo de calificacion;R0950327;bi_corp_bdr.jm_cal_in_co
El valor del campo Empresa debe existir en la tabla de baremos correspondiente (3.2.7);R1257327;bi_corp_bdr.jm_cal_in_co
La fecha de apertura del contrato no puede ser mayor que la fecha de vencimiento original del mismo;R0003321;bi_corp_bdr.jm_contr_bis
La fecha de apertura del contrato no puede ser mayor que la fecha de vencimiento actual del mismo;R0732321;bi_corp_bdr.jm_contr_bis
La fecha de cancelacion del contrato no puede ser menor que la fecha de apertura del mismo;R0004321;bi_corp_bdr.jm_contr_bis
Si la fecha de reestructuracion, la fecha de refinanciacion o la fecha de novacion estan informadas, estas no pueden ser menores que la fecha de apertura del contrato;R0005321;bi_corp_bdr.jm_contr_bis
Si el identificador de contrato padre esta informado, dicho identificador debe de existir en la tabla de contratos;R0006321;bi_corp_bdr.jm_contr_bis
Si el indicador de titulizado esta marcado con ‘S’, el identificador de contrato debe existir en la tabla de Titulizaciones;R0008321331;bi_corp_bdr.jm_contr_bis
Si el indicador de deuda publica esta marcado con ‘S’, el tipo y codigo de identificacion de emisiones debe existir en la tabla MMFF Posiciones Cartera;R0009321513;bi_corp_bdr.jm_contr_bis
Si el indicador de deuda publica esta marcado con ‘S’, el tipo y codigo de identificacion de emisiones debe de existir en la tabla MMFF Caracteristicas Emision;R0093321514;bi_corp_bdr.jm_contr_bis
Si el indicador de deuda subordinada esta marcado con ‘S’, el tipo y codigo de identificacion de emisiones debe de existir en la tabla MMFF Posiciones Cartera;R0010321513;bi_corp_bdr.jm_contr_bis
Si el indicador de deuda subordinada esta marcado con ‘S’, el tipo y codigo de identificacion de emisiones debe de existir en la tabla MMFF Caracteristicas emision;R0094321514;bi_corp_bdr.jm_contr_bis
Si el codigo de identificacion de emisiones esta informado, el tipo y codigo de identificacion de emisiones debe de existir en la tabla MMFF Posiciones Cartera;R0011321513;bi_corp_bdr.jm_contr_bis
Si el codigo de identificacion de emisiones esta informado, el tipo y codigo de identificacion de emisiones debe de existir en la tabla MMFF Caracteristicas Emision;R0095321514;bi_corp_bdr.jm_contr_bis
Si el identificador de acuerdos de netting esta informado, dicho identificador debe de existir en la tabla MMFF Acuerdos de Netting;R0012321521;bi_corp_bdr.jm_contr_bis
Si el identificador de acuerdos de colateral esta informado, dicho identificador debe de existir en la tabla MMFF Acuerdos de Colateral;R0013321522;bi_corp_bdr.jm_contr_bis
No deben existir registros duplicados;R0100321;bi_corp_bdr.jm_contr_bis
El valor del campo Agrupador de Producto debe existir en la tabla de baremos correspondiente (3.2.1);R0500321;bi_corp_bdr.jm_contr_bis
Para cada identificador de contrato debe existir un primer titular;R0015321;bi_corp_bdr.jm_contr_bis
El valor del campo Finalidad debe existir en la tabla de baremos correspondiente (3.2.1);R0501321;bi_corp_bdr.jm_contr_bis
La Fecha apertura debe ser menor o igual que la Fecha de proceso;R0793321;bi_corp_bdr.jm_contr_bis
La Fecha vencimiento original debe ser distinta de ‘0001-01-01’;R0812321;bi_corp_bdr.jm_contr_bis
La Fecha vencimiento actual debe ser distinta de ‘0001-01-01’;R0813321;bi_corp_bdr.jm_contr_bis
La Fecha apertura debe ser distinta de ‘0001-01-01’;R0814321;bi_corp_bdr.jm_contr_bis
La Fecha apertura debe ser distinta de ‘9999-12-31’;R0815321;bi_corp_bdr.jm_contr_bis
La Fecha cancelacion debe ser distinta de ‘0001-01-01’;R0816321;bi_corp_bdr.jm_contr_bis
La Fecha reestructuracion debe ser distinta de ‘9999-12-31’;R0817321;bi_corp_bdr.jm_contr_bis
La Fecha refinanciacion debe ser distinta de ‘9999-12-31’;R0818321;bi_corp_bdr.jm_contr_bis
La Fecha novacion debe ser distinta de ‘9999-12-31’;R0819321;bi_corp_bdr.jm_contr_bis
El contrato debe tener algun registro asociado en la tabla Contrato Otros Datos;R0046321325;bi_corp_bdr.jm_contr_bis
La Fecha de vencimiento actual debe ser mayor o igual que la fecha de proceso;R0792321;bi_corp_bdr.jm_contr_bis
El id de contrato no debe existir en la tabla de exposiciones no contractuales ;R0001321326;bi_corp_bdr.jm_contr_bis
El identificador de contrato debe existir en la tabla Calificacion Contrato (3.2.1);R0932321327;bi_corp_bdr.jm_contr_bis
La fecha de Operacion debe ser mayor o igual que la fecha de apertura del contrato ;R0973321;bi_corp_bdr.jm_contr_bis
El indicador de Limite Cancela debe contener un valor valido (3.2.1);R1226321;bi_corp_bdr.jm_contr_bis
El indicador de Aval Ejecutado debe contener un valor valido (3.2.1);R1227321;bi_corp_bdr.jm_contr_bis
El indicador de Titulizado debe contener un valor valido (3.2.1);R1228321;bi_corp_bdr.jm_contr_bis
El indicador de Deuda Publica debe contener un valor valido (3.2.1);R1229321;bi_corp_bdr.jm_contr_bis
El indicador de Deuda Subordinada debe contener un valor valido (3.2.1);R1230321;bi_corp_bdr.jm_contr_bis
El valor del campo Empresa debe existir en la tabla de baremos correspondiente (3.2.1);R1259321;bi_corp_bdr.jm_contr_bis
El valor del campo Pais debe existir en la tabla de baremos correspondiente (3.2.1);R1260321;bi_corp_bdr.jm_contr_bis
El valor del campo Divisa debe existir en la tabla de baremos correspondiente(3.2.1);R1261321;bi_corp_bdr.jm_contr_bis
El valor del campo Canal Comercial debe existir en la tabla de baremos correspondiente (3.2.1);R1262321;bi_corp_bdr.jm_contr_bis
El valor del campo Canal de Contratacion debe existir en la tabla de baremos correspondiente (3.2.1);R1263321;bi_corp_bdr.jm_contr_bis
El valor del campo Naturaleza del Contrato debe existir en la tabla de baremos correspondiente (3.2.1);R1264321;bi_corp_bdr.jm_contr_bis
El valor del campo Naturaleza Activo Subyacente debe existir en la tabla de baremos correspondiente (3.2.1);R1265321;bi_corp_bdr.jm_contr_bis
El valor del campo Tipo Interes debe existir en la tabla de baremos correspondiente (3.2.1);R1266321;bi_corp_bdr.jm_contr_bis
El valor del campo Tipo de identificacion de emisiones debe existir en la tabla de baremos correspondiente (3.2.1);R1267321;bi_corp_bdr.jm_contr_bis
El valor del campo Prelacion de la deuda debe existir en la tabla de baremos correspondiente (3.2.1);R1389321;bi_corp_bdr.jm_contr_bis
La fecha de entrada en vigor no debe ser anterior a la fecha de apertura del contrato (3.2.9);R1455321;bi_corp_bdr.jm_contr_bis
El campo G4095_INDLIM debe ser un alfanumerico de 1;L38;bi_corp_bdr.jm_contr_bis
El campo G4095_INDAVA debe ser un alfanumerico de 1;L39;bi_corp_bdr.jm_contr_bis
El campo G4095_IND_TITU debe ser un alfanumerico de 1;L40;bi_corp_bdr.jm_contr_bis
El campo G4095_INDDEUD debe ser un alfanumerico de 1;L41;bi_corp_bdr.jm_contr_bis
El campo G4095_INDDEUD2 debe ser un alfanumerico de 1;L42;bi_corp_bdr.jm_contr_bis
El campo G4095_CODDIV debe ser un alfanumerico de 3;L6;bi_corp_bdr.jm_contr_bis
El campo G4095_IDSUCUR debe ser un alfanumerico de 40;L7;bi_corp_bdr.jm_contr_bis
El campo G4095_IDEMISI debe ser un alfanumerico de 40;L8;bi_corp_bdr.jm_contr_bis
El campo G4095_FEOPERAC debe ser una fecha (9999-99-99);L9;bi_corp_bdr.jm_contr_bis
El campo G4095_FECVENTO debe ser una fecha (9999-99-99);L10;bi_corp_bdr.jm_contr_bis
El campo G4095_FECVE2 debe ser una fecha (9999-99-99);L11;bi_corp_bdr.jm_contr_bis
El campo G4095_FECHAPER debe ser una fecha (9999-99-99);L12;bi_corp_bdr.jm_contr_bis
El campo G4095_FECCANCE debe ser una fecha (9999-99-99);L13;bi_corp_bdr.jm_contr_bis
El campo G4095_FECREES debe ser una fecha (9999-99-99);L14;bi_corp_bdr.jm_contr_bis
El campo G4095_FECREFI debe ser una fecha (9999-99-99);L15;bi_corp_bdr.jm_contr_bis
El campo G4095_FECNOVAC debe ser una fecha (9999-99-99);L16;bi_corp_bdr.jm_contr_bis
El campo G4095_FECULTMO debe ser una fecha (9999-99-99);L17;bi_corp_bdr.jm_contr_bis
El campo G4095_FECENTVI debe ser una fecha (9999-99-99);L18;bi_corp_bdr.jm_contr_bis
El campo G4095_S1EMP debe ser un numerico de 5;L19;bi_corp_bdr.jm_contr_bis
El campo G4095_ID_PAIS debe ser un numerico de 5;L20;bi_corp_bdr.jm_contr_bis
El campo G4095_ID_PROD debe ser un numerico de 5;L21;bi_corp_bdr.jm_contr_bis
El campo G4095_IDPRO_LC debe ser un numerico de 5;L22;bi_corp_bdr.jm_contr_bis
El campo G4095_IDFINALI debe ser un numerico de 5;L23;bi_corp_bdr.jm_contr_bis
El campo G4095_IDFINALD debe ser un numerico de 5;L24;bi_corp_bdr.jm_contr_bis
El campo G4095_ID_CANAL debe ser un numerico de 5;L25;bi_corp_bdr.jm_contr_bis
El campo G4095_ID_CANA2 debe ser un numerico de 5;L26;bi_corp_bdr.jm_contr_bis
El campo G4095_ID_NATUR debe ser un numerico de 5;L27;bi_corp_bdr.jm_contr_bis
El campo G4095_ID_NSUBY debe ser un numerico de 5;L28;bi_corp_bdr.jm_contr_bis
El campo G4095_TIP_INTE debe ser un numerico de 5;L29;bi_corp_bdr.jm_contr_bis
El campo G4095_IDEMIS debe ser un numerico de 5;L30;bi_corp_bdr.jm_contr_bis
El campo G4095_DEUDPREL debe ser un numerico de 5;L31;bi_corp_bdr.jm_contr_bis
El campo G4095_IDPROLC2 debe ser un numerico de 5;L32;bi_corp_bdr.jm_contr_bis
El campo G4095_CONTRA2 debe ser un numerico de 9;L33;bi_corp_bdr.jm_contr_bis
El campo G4095_IDNETING debe ser un numerico de 9;L34;bi_corp_bdr.jm_contr_bis
El campo G4095_IDCOLATE debe ser un numerico de 9;L35;bi_corp_bdr.jm_contr_bis
El campo G4095_CONTRA1 debe ser un numerico de 9;L36;bi_corp_bdr.jm_contr_bis
El campo G4095_VENCORIG debe ser un numerico de 9;L37;bi_corp_bdr.jm_contr_bis
El identificador de contrato debe existir en la tabla Contratos (3.2.11);R10463211;bi_corp_bdr.jm_aval_ejec
No deben existir registros duplicados (3.2.11);R10493211;bi_corp_bdr.jm_aval_ejec
El valor del campo Empresa debe existir en la tabla de baremos correspondiente (3.2.11);R12703211;bi_corp_bdr.jm_aval_ejec
El valor del campo Divisa debe existir en la tabla de baremos correspondiente(3.2.11);R12713211;bi_corp_bdr.jm_aval_ejec
No deben existir registros duplicados ;R11993212;bi_corp_bdr.jm_ctos_cance
El identificador de contrato debe existir en la tabla Contratos (3.2.12);R10903212;bi_corp_bdr.jm_ctos_cance
El valor del campo Empresa debe existir en la tabla de baremos correspondiente (3.2.12);R12723212;bi_corp_bdr.jm_ctos_cance
El campo H0711_FEOPERAC debe ser una fecha (9999-99-99);L1;bi_corp_bdr.jm_ctos_cance
El campo H0711_S1EMP debe ser un numerico de 5;L2;bi_corp_bdr.jm_ctos_cance
El campo H0711_CONTRA1 debe ser un numerico de 9;L3;bi_corp_bdr.jm_ctos_cance
El campo H0711_MOTVCANC debe ser un numerico de 5;L4;bi_corp_bdr.jm_ctos_cance
El campo H0711_FECULTMO debe ser una fecha (9999-99-99);L5;bi_corp_bdr.jm_ctos_cance
El valor del campo Empresa debe existir en la tabla de baremos correspondiente (3.2.15);R14233215;bi_corp_bdr.jm_adic_calco
No deben existir registros duplicados (3.2.15);R14253215;bi_corp_bdr.jm_adic_calco
El identificador de contrato debe existir en la tabla Calificacion Contrato (3.2.15);R14263215;bi_corp_bdr.jm_adic_calco
El identificador del contrato debe existir en la tabla Contrato (3.2.15);R14433215;bi_corp_bdr.jm_adic_calco
No deben existir registros duplicados;R0138333;bi_corp_bdr.jm_serie_titulz
El Indicador de Rating inferido debe contener un valor valido (3.3.3);R1242333;bi_corp_bdr.jm_serie_titulz
El valor del campo Empresa debe existir en la tabla de baremos correspondiente (3.3.3);R1276333;bi_corp_bdr.jm_serie_titulz
El valor del campo Prerelacion debe existir en la tabla de baremos correspondiente (3.3.3);R1277333;bi_corp_bdr.jm_serie_titulz
El valor del campo Agencia Rating debe existir en la tabla de baremos correspondiente (3.3.3);R1278333;bi_corp_bdr.jm_serie_titulz
No deben existir registros duplicados;R0106331;bi_corp_bdr.jm_tituliz
El identificador de contrato debe existir en la tabla Contratos;R0051331321;bi_corp_bdr.jm_tituliz
Fecha de titulizacion debe estar informada y ser distinta de ‘0001-01-01’ y de ‘9999-12-31’;R0866331;bi_corp_bdr.jm_tituliz
Fecha de titulizacion debe ser menor o igual que Fecha de Operacion;R0974331;bi_corp_bdr.jm_tituliz
El valor del campo Empresa debe existir en la tabla de baremos correspondiente (3.3.1);R1279331;bi_corp_bdr.jm_tituliz
El valor del porcentaje titulizado debe ser entre 0 y 100 (3.3.1);R1429331;bi_corp_bdr.jm_tituliz
El valor del campo Tipo de activo titulizado debe existir en la tabla de baremos correspondiente (3.3.1);R1430331;bi_corp_bdr.jm_tituliz
No deben existir registros duplicados;R0139334;bi_corp_bdr.jm_linliq_tit
El valor del campo Empresa debe existir en la tabla de baremos correspondiente (3.3.4);R1280334;bi_corp_bdr.jm_linliq_tit
El valor del campo Id. Lin. Liq./Prest. Sub. debe existir en la tabla de baremos correspondiente (3.3.4);R1281334;bi_corp_bdr.jm_linliq_tit
El valor del campo Car. Linea Liq. debe existir en la tabla de baremos correspondiente (3.3.4);R1282334;bi_corp_bdr.jm_linliq_tit
La fecha de datos se debe corresponder con la fecha de proceso;R0891348;bi_corp_bdr.jm_cal_in_cl
El campo fecha calificacion debe ser distinto de ‘0001-01-01’;R0897348;bi_corp_bdr.jm_cal_in_cl
El campo fecha calificacion debe ser distinto de ‘9999-12-31’;R0898348;bi_corp_bdr.jm_cal_in_cl
El campo fecha caducidad debe ser distinto de ‘0001-01-01’;R0901348;bi_corp_bdr.jm_cal_in_cl
No deben existir registros duplicados;R0928348;bi_corp_bdr.jm_cal_in_cl
El identificador de cliente debe existir en la tabla Clientes;R0935348;bi_corp_bdr.jm_cal_in_cl
El valor del campo Tipo de modelo rating/scoring debe existir en la tabla de baremos correspondiente (3.4.8);R0941348;bi_corp_bdr.jm_cal_in_cl
El cliente no debe tener mas de una puntuacion por tipo de calificacion;R0947348;bi_corp_bdr.jm_cal_in_cl
El valor del campo Empresa debe existir en la tabla de baremos correspondiente (3.4.8);R1287348;bi_corp_bdr.jm_cal_in_cl
El identificador de cliente debe de existir en la tabla Clientes;R0030342341;bi_corp_bdr.jm_clien_juri
No deben existir registros duplicados;R0123342;bi_corp_bdr.jm_clien_juri
Fecha informacion debe ser distinta de ‘0001-01-01’;R0777342;bi_corp_bdr.jm_clien_juri
Fecha informacion debe ser distinta de ‘9999-12-31’;R0778342;bi_corp_bdr.jm_clien_juri
El valor del campo Empresa debe existir en la tabla de baremos correspondiente (3.4.2);R1294342;bi_corp_bdr.jm_clien_juri
El valor del campo Origen Facturacion debe existir en la tabla de baremos correspondiente (3.4.2);R1295342;bi_corp_bdr.jm_clien_juri
El valor del campo Origen Activos debe existir en la tabla de baremos correspondiente (3.4.2);R1296342;bi_corp_bdr.jm_clien_juri
El valor del campo Codigo identificacion cargabal debe existir en la tabla de baremos correspondiente (3.4.2);R1297342;bi_corp_bdr.jm_clien_juri
El Total deuda cliente debe ser mayor o igual que cero (3.4.2);R1458342;bi_corp_bdr.jm_clien_juri
El valor del Ratio CET1 debe estar entre 0 y 100 (3.4.11);R15103411;bi_corp_bdr.jm_clien_juri
El valor de la Tasa de Mora debe estar entre 0 y 100 (3.4.11);R15113411;bi_corp_bdr.jm_clien_juri
El importe Total Equity debe ser mayor o igual que cero (3.4.11);R15123411;bi_corp_bdr.jm_clien_juri
El valor del campo Marca empresa no obligada a tener facturacion no es valido (3.4.11);R15453411;bi_corp_bdr.jm_clien_juri
No deben existir registros duplicados;R0126343;bi_corp_bdr.jm_grup_econo
El valor del campo Sector Grupo Economico debe existir en la tabla de baremos correspondiente ;R1097343;bi_corp_bdr.jm_grup_econo
El valor del campo Empresa debe existir en la tabla de baremos correspondiente (3.4.3);R1298343;bi_corp_bdr.jm_grup_econo
El valor del campo Pais debe existir en la tabla de baremos correspondiente (3.4.3);R1299343;bi_corp_bdr.jm_grup_econo
El valor del campo Origen Facturacion debe existir en la tabla de baremos correspondiente (3.4.3);R1300343;bi_corp_bdr.jm_grup_econo
El valor del campo Origen Activos debe existir en la tabla de baremos correspondiente (3.4.3);R1301343;bi_corp_bdr.jm_grup_econo
El valor del campo Origen Numero de Empleados debe existir en la tabla de baremos correspondiente (3.4.3);R1302343;bi_corp_bdr.jm_grup_econo
El valor del campo Divisa debe existir en la tabla de baremos correspondiente(3.4.3);R1303343;bi_corp_bdr.jm_grup_econo
El Total deuda grupo debe ser mayor o igual que cero (3.4.3);R1459343;bi_corp_bdr.jm_grup_econo
El valor del campo Marca empresa no obligada a tener facturacion no es valido.;R15463412;bi_corp_bdr.jm_grup_econo
El identificador de grupo economico debe de existir en la tabla Grupos Economicos.;R0033344343;bi_corp_bdr.jm_grup_rela
El identificador de cliente debe existir en la tabla Clientes;R0034344341;bi_corp_bdr.jm_grup_rela
No deben existir registros duplicados;R0125344;bi_corp_bdr.jm_grup_rela
El valor del campo Empresa debe existir en la tabla de baremos correspondiente (3.4.4);R1304344;bi_corp_bdr.jm_grup_rela
El valor del campo Rol Jerarquico debe existir en la tabla de baremos correspondiente (3.4.4);R1305344;bi_corp_bdr.jm_grup_rela
El valor del campo Tipo Info Global Cliente debe existir en la tabla de baremos correspondiente;R11013414;bi_corp_bdr.jm_inf_ad_cli
No deben existir registros duplicados ;R12013414;bi_corp_bdr.jm_inf_ad_cli
El identificador del cliente debe existir en la tabla Clientes ;R12243414;bi_corp_bdr.jm_inf_ad_cli
El valor del campo Empresa debe existir en la tabla de baremos correspondiente (3.4.14);R13063414;bi_corp_bdr.jm_inf_ad_cli
El valor del campo Divisa debe existir en la tabla de baremos correspondiente (3.4.14);R13073414;bi_corp_bdr.jm_inf_ad_cli
La Cuota del prestamo debe ser mayor o igual que cero (3.4.14);R14603414;bi_corp_bdr.jm_inf_ad_cli
Los Ingresos Justificados de Cliente deben ser mayores o iguales que cero (3.4.14);R14613414;bi_corp_bdr.jm_inf_ad_cli
El Numero de movimientos del cliente debe ser mayor o igual que cero (3.4.14);R14623414;bi_corp_bdr.jm_inf_ad_cli
La Fecha de ingresos justificados debe ser igual o anterior a la fecha de proceso (3.4.14);R14633414;bi_corp_bdr.jm_inf_ad_cli
La relacion deuda/ingresos debe ser mayor o igual que 0 (3.4.14);R14643414;bi_corp_bdr.jm_inf_ad_cli
El valor del campo Tipo de Empresa debe existir en la tabla de baremos correspondiente (3.4.14);R15133414;bi_corp_bdr.jm_inf_ad_cli
No deben existir registros duplicados (3.4.17);R15473417;bi_corp_bdr.jm_estado_vig
El valor del campo Empresa no existe (3.4.17);R15483417;bi_corp_bdr.jm_estado_vig
El campo identificador del cliente debe estar informado y no ser cero (3.4.17);R15493417;bi_corp_bdr.jm_estado_vig
El identificador del cliente debe existir en la tabla Clientes (3.4.17);R15503417;bi_corp_bdr.jm_estado_vig
El valor del campo Codigo Origen Vision no existe (3.4.17);R15513417;bi_corp_bdr.jm_estado_vig
La fecha de estado no puede ser mayor a la fecha de la operacion;R15523417;bi_corp_bdr.jm_estado_vig
La fecha de grado no puede ser mayor a la fecha de la operacion;R15533417;bi_corp_bdr.jm_estado_vig
El valor del campo Codigo de Estado no existe (3.4.17);R15543417;bi_corp_bdr.jm_estado_vig
El valor del campo Codigo de Grado no existe (3.4.17);R15553417;bi_corp_bdr.jm_estado_vig
El valor del campo Codigo de Alerta SAR no existe (3.4.17);R15563417;bi_corp_bdr.jm_estado_vig
El codigo de identificador de contrato debe de existir en la tabla Contratos;R0045351321;bi_corp_bdr.jm_garant_cto
El codigo de identificador de la garantia debe estar dado de alta en la tabla Clientes en el caso de garantias personales;R0090351341;bi_corp_bdr.jm_garant_cto
El codigo de identificador de la garantia debe estar dado de alta en la tabla Garantia Real en el caso de garantias reales;R0091351352;bi_corp_bdr.jm_garant_cto
El identificador de la garantia, en el caso de garantias personales, debe existir en la tabla Intervinientes Contratos;R0092351322;bi_corp_bdr.jm_garant_cto
La fecha de inicio de la relacion en la tabla Garantia Contrato, debe ser mayor o igual que la fecha de apertura del contrato, de la tabla Contratos;R0047351321;bi_corp_bdr.jm_garant_cto
La fecha de baja de la relacion garantia-contrato debe mayor o igual que la fecha de inicio de la relacion garantia-contrato;R0048351;bi_corp_bdr.jm_garant_cto
La fecha de vencimiento debe ser mayor que la fecha de inicio de la relacion;R0049351;bi_corp_bdr.jm_garant_cto
No deben existir registros duplicados;R0112351;bi_corp_bdr.jm_garant_cto
El valor del campo Codigo de Garantia debe existir en la tabla de baremos correspondiente (3.5.1);R0505351;bi_corp_bdr.jm_garant_cto
La Fecha de inicio de la relacion debe ser distinta de ‘0001-01-01’;R0855351;bi_corp_bdr.jm_garant_cto
La Fecha de inicio de la relacion debe ser distinta de ‘9999-12-31’;R0856351;bi_corp_bdr.jm_garant_cto
La Fecha de baja de la relacion debe ser distinta de ‘0001-01-01’;R0857351;bi_corp_bdr.jm_garant_cto
La Fecha de vencimiento debe ser distinta de ‘0001-01-01’;R0858351;bi_corp_bdr.jm_garant_cto
Fecha inicio relacion debe ser menor o igual que Fecha Operacion;R0978351;bi_corp_bdr.jm_garant_cto
Fecha fin relacion debe ser mayor o igual que la Fecha de Operacion;R0979351;bi_corp_bdr.jm_garant_cto
El Indicador de Pignoracion en regla debe contener un valor valido (3.5.1);R1232351;bi_corp_bdr.jm_garant_cto
El valor del campo Empresa debe existir en la tabla de baremos correspondiente (3.5.1);R1326351;bi_corp_bdr.jm_garant_cto
El valor del campo Tipo Garantia Empresa debe existir en la tabla de baremos correspondiente (3.5.1);R1327351;bi_corp_bdr.jm_garant_cto
El valor del campo Tipo Aval Empresa debe existir en la tabla de baremos correspondiente (3.5.1);R1328351;bi_corp_bdr.jm_garant_cto
El valor del campo Tipo Cobertura Empresa debe existir en la tabla de baremos correspondiente (3.5.1);R1329351;bi_corp_bdr.jm_garant_cto
El valor del campo Estado Garantia Empresa debe existir en la tabla de baremos correspondiente (3.5.1);R1330351;bi_corp_bdr.jm_garant_cto
El valor del campo Tipo Comfort Letter Empresa debe existir en la tabla de baremos correspondiente (3.5.1);R1331351;bi_corp_bdr.jm_garant_cto
El valor del campo Divisa debe existir en la tabla de baremos correspondiente (3.5.1);R1332351;bi_corp_bdr.jm_garant_cto
El Id de Cliente debe existir en la tabla de Clientes (3.5.1);R1394351;bi_corp_bdr.jm_garant_cto
El valor del porcentaje de reparto debe estar entre 0 y 100 (3.5.1);R1399351;bi_corp_bdr.jm_garant_cto
El Orden de prelacion de la garantia debe ser mayor o igual que cero (3.5.5);R1465351;bi_corp_bdr.jm_garant_cto
El valor del campo Rango hipotecario debe contener un valor valido (S, N o espacios) (3.5.5);R1466351;bi_corp_bdr.jm_garant_cto
El valor de N-esimo impago debe ser mayor o igual que cero (3.5.5);R1514351;bi_corp_bdr.jm_garant_cto
El identificador de contrato, si esta informado y es distinto de cero, debe de existir en la tabla Contratos;R0050352321;bi_corp_bdr.jm_gara_real
Si el identificador de persona esta informado, y es distinto de cero, debe de existir en la tabla Clientes;R0052352341;bi_corp_bdr.jm_gara_real
El campo identificador de garantia deber estar informado y ser distinto de cero;R0297352;bi_corp_bdr.jm_gara_real
El campo identificador de afecto a la explotacion debe estar informado;R0298352;bi_corp_bdr.jm_gara_real
No deben existir registros duplicados;R0105352;bi_corp_bdr.jm_gara_real
El Indicador de indice Principal debe contener un valor valido (3.5.2);R1233352;bi_corp_bdr.jm_gara_real
El Indicador de Marca cotizacion debe contener un valor valido (3.5.2);R1234352;bi_corp_bdr.jm_gara_real
El Indicador de Afecto explotacion debe contener un valor valido (3.5.2);R1235352;bi_corp_bdr.jm_gara_real
El Indicador de Documento Aceptado debe contener un valor valido (3.5.2);R1236352;bi_corp_bdr.jm_gara_real
El Indicador de Documento Domiciliado debe contener un valor valido (3.5.2);R1237352;bi_corp_bdr.jm_gara_real
El Indicador de Bloqueado debe contener un valor valido (3.5.2);R1238352;bi_corp_bdr.jm_gara_real
El valor del campo Empresa debe existir en la tabla de baremos correspondiente (3.5.2);R1333352;bi_corp_bdr.jm_gara_real
El valor del campo Agrupacion Producto debe existir en la tabla de baremos correspondiente (3.5.2);R1334352;bi_corp_bdr.jm_gara_real
El valor del campo Tipo Deuda Publica debe existir en la tabla de baremos correspondiente (3.5.2);R1335352;bi_corp_bdr.jm_gara_real
El valor del campo Indicador Deuda Publica debe existir en la tabla de baremos correspondiente (3.5.2);R1336352;bi_corp_bdr.jm_gara_real
El valor del campo Tipo Frecuencia de Cotizacion o Valoracion debe existir en la tabla de baremos correspondiente (3.5.2);R1337352;bi_corp_bdr.jm_gara_real
El valor del campo Pais debe existir en la tabla de baremos correspondiente (3.5.2);R1338352;bi_corp_bdr.jm_gara_real
El valor del campo Divisa debe existir en la tabla de baremos correspondiente(3.5.2);R1339352;bi_corp_bdr.jm_gara_real
El valor del campo Tipo Identificacion de Emisiones debe existir en la tabla de baremos correspondiente (3.5.2);R1340352;bi_corp_bdr.jm_gara_real
El valor del campo Plazo Emision debe existir en la tabla de baremos correspondiente (3.5.2);R1341352;bi_corp_bdr.jm_gara_real
El valor del campo Mercado debe existir en la tabla de baremos correspondiente (3.5.2);R1342352;bi_corp_bdr.jm_gara_real
El valor del campo indice de Referencia debe existir en la tabla de baremos correspondiente (3.5.2);R1343352;bi_corp_bdr.jm_gara_real
El valor del campo Tipo Interes debe existir en la tabla de baremos correspondiente (3.5.2);R1344352;bi_corp_bdr.jm_gara_real
El valor del campo Tipo de hipoteca debe existir en la tabla de baremos correspondiente (3.5.2);R1467352;bi_corp_bdr.jm_gara_real
El codigo identificador de la garantia debe existir en la tabla Garantia Real;R0053353352;bi_corp_bdr.jm_val_gara
La fecha de valoracion debe ser menor o igual que la fecha en la que se esta procesando la informacion;R0054353;bi_corp_bdr.jm_val_gara
El campo importe de la garantia debe estar informado;R0305353;bi_corp_bdr.jm_val_gara
No deben existir registros duplicados;R0113353;bi_corp_bdr.jm_val_gara
La Fecha de valoracion debe ser distinta de ‘0001-01-01;R0841353;bi_corp_bdr.jm_val_gara
La Fecha de valoracion debe ser distinta de ‘9999-12-31’;R0842353;bi_corp_bdr.jm_val_gara
El valor del campo Empresa debe existir en la tabla de baremos correspondiente (3.5.3);R1345353;bi_corp_bdr.jm_val_gara
El valor del campo Tipo de Valoracion debe existir en la tabla de baremos correspondiente (3.5.3);R1346353;bi_corp_bdr.jm_val_gara
El valor del campo Tipo de Garantia debe existir en la tabla de baremos correspondiente (3.5.3);R1391353;bi_corp_bdr.jm_val_gara
El id de la garantia debe existir en la tabla Garantias Contrato  (3.5.3);R1392355;bi_corp_bdr.jm_val_gara
El campo calificacion debe estar informado;R0741361;bi_corp_bdr.jm_calif_emisor
No deben existir registros duplicados;R0131361;bi_corp_bdr.jm_calif_emisor
El Indicador de Soberano debe contener un valor valido (3.6.1);R1243361;bi_corp_bdr.jm_calif_emisor
El valor del campo Empresa debe existir en la tabla de baremos correspondiente (3.6.1);R1309361;bi_corp_bdr.jm_calif_emisor
El valor del campo Pais debe existir en la tabla de baremos correspondiente (3.6.1);R1310361;bi_corp_bdr.jm_calif_emisor
El valor del campo Tipo Calificacion debe existir en la tabla de baremos correspondiente (3.6.1);R1311361;bi_corp_bdr.jm_calif_emisor
El valor del campo Agencia debe existir en la tabla de baremos correspondiente (3.6.1);R1312361;bi_corp_bdr.jm_calif_emisor
El identificador de cliente debe existir en la tabla Clientes (3.6.1);R0096341361;bi_corp_bdr.jm_calif_emisor
El campo Fecha de calificacion debe ser anterior o igual a la fecha de datos (3.6.1);R1483361;bi_corp_bdr.jm_calif_emisor
El valor del campo Indicador Outlook debe existir en la tabla de baremos correspondiente (3.6.1);R1484361;bi_corp_bdr.jm_calif_emisor
El campo calificacion debe estar informado;R0740363;bi_corp_bdr.jm_cal_emision
El codigo de identificacion de emisiones debe existir en las tablas MMFF Posiciones cartera y MMFF Caracteristicas emision;R0058363513514;bi_corp_bdr.jm_cal_emision
No deben existir registros duplicados;R0130363;bi_corp_bdr.jm_cal_emision
El valor del campo Empresa debe existir en la tabla de baremos correspondiente (3.6.3);R1316363;bi_corp_bdr.jm_cal_emision
El valor del campo Tipo de identificacion de emisiones debe existir en la tabla de baremos correspondiente (3.6.3);R1317363;bi_corp_bdr.jm_cal_emision
El valor del campo Agencia debe existir en la tabla de baremos correspondiente (3.6.3);R1318363;bi_corp_bdr.jm_cal_emision
El valor del campo Plazo debe existir en la tabla de baremos correspondiente (3.6.3); R1319363;bi_corp_bdr.jm_cal_emision
El valor del campo codigo de Mercado debe existir en la tabla de baremos correspondiente (3.6.3); R1248363;bi_corp_bdr.jm_cal_emision
El campo E0665_S1EMP debe ser de tipo DEC (05,00);L43;bi_corp_bdr.jm_cal_emision
El campo E0665_ID_EMISI debe ser de tipo DEC (05,00);L44;bi_corp_bdr.jm_cal_emision
El campo E0665_CODMERCD debe ser de tipo DEC (05,00);L45;bi_corp_bdr.jm_cal_emision
El campo E0665_COD_AGEN debe ser de tipo DEC (05,00);L46;bi_corp_bdr.jm_cal_emision
El campo E0665_CCODPLZ debe ser de tipo DEC (05,00);L47;bi_corp_bdr.jm_cal_emision
El campo E0665_FECCALI debe ser de tipo DATE. (9999-99-99);L48;bi_corp_bdr.jm_cal_emision
El campo E0665_FECHASTA debe ser de tipo DATE. (9999-99-99);L49;bi_corp_bdr.jm_cal_emision
El campo E0665_FECULTMO debe ser de tipo DATE. (9999-99-99);L50;bi_corp_bdr.jm_cal_emision
El campo E0665_COD_EMIS debe ser de tipo CHAR(00040);L51;bi_corp_bdr.jm_cal_emision
El campo E0665_CALIFMAE debe ser de tipo CHAR(00040);L52;bi_corp_bdr.jm_cal_emision
El campo G5519_S1EMP debe ser un numerico de 5;L53;bi_corp_bdr.jm_ead_contr
El campo G5519_METLIQUI debe ser un numerico de 5;L54;bi_corp_bdr.jm_ead_contr
El campo G5519_METAPLIC debe ser un numerico de 5;L55;bi_corp_bdr.jm_ead_contr
El campo G5519_FASECALC debe ser un numerico de 5;L56;bi_corp_bdr.jm_ead_contr
El campo;G5519_MTM;debe ser un numerico de 17;L57;bi_corp_bdr.jm_ead_contr
El campo;G5519_EAD;debe ser un numerico de 17;L58;bi_corp_bdr.jm_ead_contr
El campo;G5519_ESPEPROV;debe ser un numerico de 17;L59;bi_corp_bdr.jm_ead_contr
El campo;G5519_IMPNOMCT;debe ser un numerico de 17;L60;bi_corp_bdr.jm_ead_contr
El campo;G5519_ADDONBRU;debe ser un numerico de 17;L61;bi_corp_bdr.jm_ead_contr
El campo;G5519_ADDONNET;debe ser un numerico de 17;L62;bi_corp_bdr.jm_ead_contr
El campo;G5519_MTM_BRUT;debe ser un numerico de 17;L63;bi_corp_bdr.jm_ead_contr
El campo;G5519_CONTRA1;debe ser un numerico de 9;L64;bi_corp_bdr.jm_ead_contr
El campo;G5519_COEFREGU;debe ser un numerico de 9;L65;bi_corp_bdr.jm_ead_contr
El campo;G5519_FEOPERAC;debe ser una fecha (9999-99-99);L66;bi_corp_bdr.jm_ead_contr
El campo;G5519_FECULTMO;debe ser una fecha (9999-99-99);L67;bi_corp_bdr.jm_ead_contr
El campo;E0623_TIP_LIQU;debe ser un numerico de 5;L68;bi_corp_bdr.jm_contr_otros
El campo;E0623_TIP_AMOR;debe ser un numerico de 5;L69;bi_corp_bdr.jm_contr_otros
El campo;E0623_AMOR_SIS;debe ser un numerico de 5;L70;bi_corp_bdr.jm_contr_otros
El campo;E0623_CTB_SITU;debe ser un numerico de 5;L71;bi_corp_bdr.jm_contr_otros
El campo;E0623_MTVALTA;debe ser un numerico de 5;L72;bi_corp_bdr.jm_contr_otros
El campo;E0623_TIP_INTE;debe ser un numerico de 5;L73;bi_corp_bdr.jm_contr_otros
El campo;E0623_EXCLCTO;debe ser un numerico de 5;L74;bi_corp_bdr.jm_contr_otros
El campo;E0623_TIPSUELO;debe ser un numerico de 5;L75;bi_corp_bdr.jm_contr_otros
El campo;E0623_TIPTECHO;debe ser un numerico de 5;L76;bi_corp_bdr.jm_contr_otros
El campo;E0623_PLREVTIN;debe ser un numerico de 5;L77;bi_corp_bdr.jm_contr_otros
El campo;E0623_SEGPLLIM;debe ser un numerico de 5;L78;bi_corp_bdr.jm_contr_otros
El campo;E0623_TOPDEALE;debe ser un numerico de 5;L79;bi_corp_bdr.jm_contr_otros
El campo;E0623_S1EMP;debe ser un numerico de 5;L80;bi_corp_bdr.jm_contr_otros
El campo;E0623_IDSUBPRD;debe ser un numerico de 5;L81;bi_corp_bdr.jm_contr_otros
El campo;E0623_GEST_SIT;debe ser un numerico de 5;L82;bi_corp_bdr.jm_contr_otros
El campo;E0623_GES2_SIT;debe ser un numerico de 5;L83;bi_corp_bdr.jm_contr_otros
El campo;E0623_INV_NEGO;debe ser un numerico de 5;L84;bi_corp_bdr.jm_contr_otros
El campo;E0623_ESTADTRJ;debe ser un numerico de 5;L85;bi_corp_bdr.jm_contr_otros
El campo;E0623_UNNT;debe ser un numerico de 5;L86;bi_corp_bdr.jm_contr_otros
El campo;E0623_UNNTS;debe ser un numerico de 5;L87;bi_corp_bdr.jm_contr_otros
El campo;E0623_UNNV;debe ser un numerico de 5;L88;bi_corp_bdr.jm_contr_otros
El campo;E0623_UNNVS;debe ser un numerico de 5;L89;bi_corp_bdr.jm_contr_otros
El campo;E0623_ESTPRINM;debe ser un numerico de 5;L90;bi_corp_bdr.jm_contr_otros
El campo;E0623_CODIMPHI;debe ser un numerico de 5;L91;bi_corp_bdr.jm_contr_otros
El campo;E0623_TIPCAREN;debe ser un numerico de 5;L92;bi_corp_bdr.jm_contr_otros
El campo;E0623_EMPREPOR;debe ser un numerico de 5;L93;bi_corp_bdr.jm_contr_otros
El campo;E0623_FORPGACT;debe ser un numerico de 5;L94;bi_corp_bdr.jm_contr_otros
El campo;E0623_LIQ_PZO;debe ser un numerico de 17;L95;bi_corp_bdr.jm_contr_otros
El campo;E0623_AMOR_PZO;debe ser un numerico de 17;L96;bi_corp_bdr.jm_contr_otros
El campo;E0623_IMPORTH;debe ser un numerico de 17;L97;bi_corp_bdr.jm_contr_otros
El campo;E0623_IPROVISI;debe ser un numerico de 17;L98;bi_corp_bdr.jm_contr_otros
El campo;E0623_IPROVIS1;debe ser un numerico de 17;L99;bi_corp_bdr.jm_contr_otros
El campo;E0623_IMPPRIMP;debe ser un numerico de 17;L100;bi_corp_bdr.jm_contr_otros
El campo;E0623_IMPIMPNR;debe ser un numerico de 17;L101;bi_corp_bdr.jm_contr_otros
El campo;E0623_VOLTRANS;debe ser un numerico de 17;L102;bi_corp_bdr.jm_contr_otros
El campo;E0623_IMPCUIMP;debe ser un numerico de 17;L103;bi_corp_bdr.jm_contr_otros
El campo;E0623_VCTO_RES;debe ser un numerico de 17;L104;bi_corp_bdr.jm_contr_otros
El campo;E0623_VCTO_PON;debe ser un numerico de 17;L105;bi_corp_bdr.jm_contr_otros
El campo;E0623_INACTRJ;debe ser un numerico de 17;L106;bi_corp_bdr.jm_contr_otros
El campo;E0623_IMP1LIMI;debe ser un numerico de 17;L107;bi_corp_bdr.jm_contr_otros
El campo;E0623_ALIMACT;debe ser un numerico de 17;L108;bi_corp_bdr.jm_contr_otros
El campo;E0623_IMPRTCUO;debe ser un numerico de 17;L109;bi_corp_bdr.jm_contr_otros
El campo;E0623_LIMOCULT;debe ser un numerico de 17;L110;bi_corp_bdr.jm_contr_otros
El campo;E0623_CUOTPRES;debe ser un numerico de 17;L111;bi_corp_bdr.jm_contr_otros
El campo;E0623_ATAEMAX;debe ser un numerico de 9;L112;bi_corp_bdr.jm_contr_otros
El campo;E0623_TIP_INT;debe ser un numerico de 9;L113;bi_corp_bdr.jm_contr_otros
El campo;E0623_DIFERNCI;debe ser un numerico de 9;L114;bi_corp_bdr.jm_contr_otros
El campo;E0623_SUTIPINT;debe ser un numerico de 9;L115;bi_corp_bdr.jm_contr_otros
El campo;E0623_TETIPINT;debe ser un numerico de 9;L116;bi_corp_bdr.jm_contr_otros
El campo;E0623_CUOTIMPA;debe ser un numerico de 9;L117;bi_corp_bdr.jm_contr_otros
El campo;E0623_CONTRA1;debe ser un numerico de 9;L118;bi_corp_bdr.jm_contr_otros
El campo;E0623_TIPINEFE;debe ser un numerico de 9;L119;bi_corp_bdr.jm_contr_otros
El campo;E0623_NUDIAATR;debe ser un numerico de 9;L120;bi_corp_bdr.jm_contr_otros
El campo;E0623_FECFICAR;debe ser una fecha (9999-99-99);L121;bi_corp_bdr.jm_contr_otros
El campo;E0623_FECCUOTA;debe ser una fecha (9999-99-99);L122;bi_corp_bdr.jm_contr_otros
El campo;E0623_FECREPRE;debe ser una fecha (9999-99-99);L123;bi_corp_bdr.jm_contr_otros
El campo;E0623_FINIUTCT;debe ser una fecha (9999-99-99);L124;bi_corp_bdr.jm_contr_otros
El campo;E0623_FFINUTCT;debe ser una fecha (9999-99-99);L125;bi_corp_bdr.jm_contr_otros
El campo;E0623_FECULTMO;debe ser una fecha (9999-99-99);L126;bi_corp_bdr.jm_contr_otros
El campo;E0623_FECIMPAG;debe ser una fecha (9999-99-99);L127;bi_corp_bdr.jm_contr_otros
El campo;E0623_FHPRIMPG;debe ser una fecha (9999-99-99);L128;bi_corp_bdr.jm_contr_otros
El campo;E0623_FEC_MES;debe ser una fecha (9999-99-99);L129;bi_corp_bdr.jm_contr_otros
El campo;E0623_FECINCAR;debe ser una fecha (9999-99-99);L130;bi_corp_bdr.jm_contr_otros
El campo;E0623_FEOPERAC;debe ser una fecha (9999-99-99);L131;bi_corp_bdr.jm_contr_otros
El campo;E0623_INDEUCON;debe ser un alfanumerico de 1;L132;bi_corp_bdr.jm_contr_otros
El campo;E0623_MARCAUTI;debe ser un alfanumerico de 1;L133;bi_corp_bdr.jm_contr_otros
El campo;E0623_INTNEG;debe ser un alfanumerico de 1;L134;bi_corp_bdr.jm_contr_otros
El campo;E0623_IBUYSELL;debe ser un alfanumerico de 1;L135;bi_corp_bdr.jm_contr_otros
El campo;E0623_RGOSUB;debe ser un alfanumerico de 1;L136;bi_corp_bdr.jm_contr_otros
El campo;E0623_INDSUBRO;debe ser un alfanumerico de 1;L137;bi_corp_bdr.jm_contr_otros
El campo;E0623_INDSEGUR;debe ser un alfanumerico de 1;L138;bi_corp_bdr.jm_contr_otros
El campo;E0623_AMORTPAR;debe ser un alfanumerico de 1;L139;bi_corp_bdr.jm_contr_otros
El campo;G4128_FECULTMO;debe ser una fecha (9999-99-99);L140;bi_corp_bdr.jm_interv_cto
El campo;G4128_FEOPERAC;debe ser una fecha (9999-99-99);L141;bi_corp_bdr.jm_interv_cto
El campo;G4128_NUMORDIN;debe ser un numerico de 17;L142;bi_corp_bdr.jm_interv_cto
El campo;G4128_CONTRA1;debe ser un numerico de 9;L143;bi_corp_bdr.jm_interv_cto
El campo;G4128_IDNUMCLI;debe ser un numerico de 9;L144;bi_corp_bdr.jm_interv_cto
El campo;G4128_S1EMP;debe ser un numerico de 5;L145;bi_corp_bdr.jm_interv_cto
El campo;G4128_TIPINTEV;debe ser un numerico de 5;L146;bi_corp_bdr.jm_interv_cto
El campo;G4128_TIPINTV2;debe ser un numerico de 5;L147;bi_corp_bdr.jm_interv_cto
El campo;G4128_FORMINTV;debe ser un numerico de 5;L148;bi_corp_bdr.jm_interv_cto
El campo;G4128_PORPARTN;debe ser un numerico de 9;L149;bi_corp_bdr.jm_interv_cto
El campo;E0621_FEC_MES;debe ser una fecha (9999-99-99);L150;bi_corp_bdr.jm_posic_contr
El campo;E0621_FEOPERAC;debe ser una fecha (9999-99-99);L151;bi_corp_bdr.jm_posic_contr
El campo;E0621_FECULTMO;debe ser una fecha (9999-99-99);L152;bi_corp_bdr.jm_posic_contr
El campo;E0621_CONTRA1;debe ser un numerico de 9;L153;bi_corp_bdr.jm_posic_contr
El campo;E0621_S1EMP;debe ser un numerico de 5;L154;bi_corp_bdr.jm_posic_contr
El campo;E0621_TIP_IMPT;debe ser un numerico de 5;L155;bi_corp_bdr.jm_posic_contr
El campo;E0621_IMPORTH;debe ser un numerico de 17;L156;bi_corp_bdr.jm_posic_contr
El campo;E0621_CTA_CONT;debe ser un alfanumerico de 40;L157;bi_corp_bdr.jm_posic_contr
El campo;E0621_AGRCTACB;debe ser un alfanumerico de 40;L158;bi_corp_bdr.jm_posic_contr
El campo;E0621_CENTCTBL;debe ser un alfanumerico de 40;L159;bi_corp_bdr.jm_posic_contr
El campo;E0621_CTACGBAL;debe ser un alfanumerico de 40;L160;bi_corp_bdr.jm_posic_contr
El campo;E0621_CODDIV;debe ser un alfanumerico de 3;L161;bi_corp_bdr.jm_posic_contr
El campo;N0625_CONTRA1;debe ser un numerico de 9;L162;bi_corp_bdr.jm_prov_esotr
El campo;N0625_S1EMP;debe ser un numerico de 5;L163;bi_corp_bdr.jm_prov_esotr
El campo;N0625_TIP_IMPT;debe ser un numerico de 5;L164;bi_corp_bdr.jm_prov_esotr
El campo;N0625_STAGE;debe ser un numerico de 5;L165;bi_corp_bdr.jm_prov_esotr
El campo;N0625_IMPORTH;debe ser un numerico de 17;L166;bi_corp_bdr.jm_prov_esotr
El campo;N0625_CTA_CONT;debe ser un alfanumerico de 40;L167;bi_corp_bdr.jm_prov_esotr
El campo;N0625_AGRCTACB;debe ser un alfanumerico de 40;L168;bi_corp_bdr.jm_prov_esotr
El campo;N0625_CENTCTBL;debe ser un alfanumerico de 40;L169;bi_corp_bdr.jm_prov_esotr
El campo;N0625_CTACGBAL;debe ser un alfanumerico de 40;L170;bi_corp_bdr.jm_prov_esotr
El campo;N0625_CODDIV;debe ser un alfanumerico de 3;L171;bi_corp_bdr.jm_prov_esotr
El campo;N0625_FEOPERAC;debe ser una fecha (9999-99-99);L172;bi_corp_bdr.jm_prov_esotr
El campo;G4093_IDNUMCLI;debe ser un numerico de 9;L173;bi_corp_bdr.jm_client_bii
El campo;G4093_CLIE_GLO;debe ser un numerico de 9;L174;bi_corp_bdr.jm_client_bii
El campo;G4093_EXCLCLI;debe ser un numerico de 5;L175;bi_corp_bdr.jm_client_bii
El campo;G4093_GRA_VINC;debe ser un numerico de 5;L176;bi_corp_bdr.jm_client_bii
El campo;G4093_UTP_CLI;debe ser un numerico de 5;L177;bi_corp_bdr.jm_client_bii
El campo;G4093_S1EMP;debe ser un numerico de 5;L178;bi_corp_bdr.jm_client_bii
El campo;G4093_TIP_PERS;debe ser un numerico de 5;L179;bi_corp_bdr.jm_client_bii
El campo;G4093_CARTER;debe ser un numerico de 5;L180;bi_corp_bdr.jm_client_bii
El campo;G4093_ID_PAIS;debe ser un numerico de 5;L181;bi_corp_bdr.jm_client_bii
El campo;G4093_COD_SECT;debe ser un numerico de 5;L182;bi_corp_bdr.jm_client_bii
El campo;G4093_COD_SEC2;debe ser un numerico de 5;L183;bi_corp_bdr.jm_client_bii
El campo;G4093_COD_SEC3;debe ser un numerico de 5;L184;bi_corp_bdr.jm_client_bii
El campo;G4093_CLISEGM;debe ser un numerico de 5;L185;bi_corp_bdr.jm_client_bii
El campo;G4093_CLISEGL1;debe ser un numerico de 5;L186;bi_corp_bdr.jm_client_bii
El campo;G4093_CLISEGL2;debe ser un numerico de 5;L187;bi_corp_bdr.jm_client_bii
El campo;G4093_INDUSTRY;debe ser un numerico de 5;L188;bi_corp_bdr.jm_client_bii
El campo;G4093_PAISNEG;debe ser un numerico de 5;L189;bi_corp_bdr.jm_client_bii
El campo;G4093_TTO_ESPE;debe ser un numerico de 5;L190;bi_corp_bdr.jm_client_bii
El campo;G4093_FINIUTCL;debe ser una fecha (9999-99-99);L191;bi_corp_bdr.jm_client_bii
El campo;G4093_FFINUTCL;debe ser una fecha (9999-99-99);L192;bi_corp_bdr.jm_client_bii
El campo;G4093_FCHINI;debe ser una fecha (9999-99-99);L193;bi_corp_bdr.jm_client_bii
El campo;G4093_FCHFIN;debe ser una fecha (9999-99-99);L194;bi_corp_bdr.jm_client_bii
El campo;G4093_FECULTMO;debe ser una fecha (9999-99-99);L195;bi_corp_bdr.jm_client_bii
El campo;G4093_FEOPERAC;debe ser una fecha (9999-99-99);L196;bi_corp_bdr.jm_client_bii
El campo;G4093_FECNACIM;debe ser una fecha (9999-99-99);L197;bi_corp_bdr.jm_client_bii
No deben existir registros duplicados (3.6.12);R15663612;bi_corp_bdr.jm_cal_ext_cl
El valor del campo Empresa no existe (3.6.12);R15673612;bi_corp_bdr.jm_cal_ext_cl
El campo identificador del cliente debe estar informado y no ser cero (3.6.12);R15683612;bi_corp_bdr.jm_cal_ext_cl
El valor del campo agencia no existe (3.6.12) ;R15693612;bi_corp_bdr.jm_cal_ext_cl
El valor del campo plazo no existe (3.6.12);R15703612;bi_corp_bdr.jm_cal_ext_cl
El valor del campo tipo de calificacion no existe (3.6.12);R15713612;bi_corp_bdr.jm_cal_ext_cl
La fecha de calificacion no puede 9999-12-31 (3.6.12);R15723612;bi_corp_bdr.jm_cal_ext_cl
La fecha de calificacion no puede 0001-01-01 (3.6.12);R15733612;bi_corp_bdr.jm_cal_ext_cl
La calificacion debe venir informada (3.6.12);R15743612;bi_corp_bdr.jm_cal_ext_cl
La fecha desde debe ser inferior o igual a la fecha hasta ;R10003101;bi_corp_bdr.jm_trz_contrato
El contrato informado en el registro debe estar en la tabla de Contratos ;R10043101;bi_corp_bdr.jm_trz_contrato
El identificador de sistema debe contener un valor correcto ;R10053101;bi_corp_bdr.jm_trz_contrato
No deben existir registros duplicados ;R10503101;bi_corp_bdr.jm_trz_contrato
El valor del campo Empresa debe existir en la tabla de baremos correspondiente (3.10.1);R13473101;bi_corp_bdr.jm_trz_contrato
La fecha desde debe ser inferior o igual a la fecha hasta ;R10063102;bi_corp_bdr.jm_trz_cliente
El cliente informado en el registro debe estar en la tabla de Clientes ;R10103102;bi_corp_bdr.jm_trz_cliente
El identificador de sistema debe contener un valor correcto;R10113102;bi_corp_bdr.jm_trz_cliente
No deben existir registros duplicados ;R10513102;bi_corp_bdr.jm_trz_cliente
El valor del campo Empresa debe existir en la tabla de baremos correspondiente (3.10.2);R13483102;bi_corp_bdr.jm_trz_cliente
La fecha desde debe ser inferior o igual a la fecha hasta;R10123103;bi_corp_bdr.jm_trz_gru_econ
El grupo economico informado en el registro  debe estar en la tabla de Grupos Economicos ;R10163103;bi_corp_bdr.jm_trz_gru_econ
No deben existir registros duplicados ;R10523103;bi_corp_bdr.jm_trz_gru_econ
El valor del campo Empresa debe existir en la tabla de baremos correspondiente (3.10.3);R13493103;bi_corp_bdr.jm_trz_gru_econ
La fecha desde debe ser inferior o igual a la fecha hasta;R10183104;bi_corp_bdr.jm_trz_gar_real
La garantia informada en el registro debe estar en la tabla de Garantias ;R10223104;bi_corp_bdr.jm_trz_gar_real
El identificador de sistema debe contener un valor correcto;R10233104;bi_corp_bdr.jm_trz_gar_real
No deben existir registros duplicados ;R10533104;bi_corp_bdr.jm_trz_gar_real
El valor del campo Empresa debe existir en la tabla de baremos correspondiente (3.10.4);R13503104;bi_corp_bdr.jm_trz_gar_real
No deben existir registros duplicados ;R10563107;bi_corp_bdr.jm_trz_inv_apli
No deben existir registros duplicados ;R10573111;bi_corp_bdr.jm_trz_cont_ren
El Motivo de Renumeracion Global debe existir en la tabla de baremos correspondiente (3.11.1);R14953111;bi_corp_bdr.jm_trz_cont_ren
La Fecha de inicio debe ser anterior o igual a la Fecha de Baja (3.11.1);R14963111;bi_corp_bdr.jm_trz_cont_ren
El cliente informado en el registro  debe estar en la tabla de Clientes (3.11.3);R14353113;bi_corp_bdr.jm_trz_clie_ren
El cliente antiguo informado en el registro  debe estar en la tabla de Clientes (3.11.3);R14363113;bi_corp_bdr.jm_trz_clie_ren
No deben existir registros duplicados (3.11.3);R14373113;bi_corp_bdr.jm_trz_clie_ren
El Motivo de Renumeracion Global debe existir en la tabla de baremos correspondiente (3.11.3);R14973113;bi_corp_bdr.jm_trz_clie_ren
La Fecha de inicio debe ser anterior o igual a la Fecha de Baja (3.11.3);R14983113;bi_corp_bdr.jm_trz_clie_ren
No deben existir registros duplicados (3.11.5);R14383115;bi_corp_bdr.jm_rel_bargl_lo
El valor del campo codigo de negocio debe existir en la tabla de baremos correspondiente (3.11.5);R14393115;bi_corp_bdr.jm_rel_bargl_lo
La fecha desde debe ser inferior a la fecha hasta (3.11.5);R14403115;bi_corp_bdr.jm_rel_bargl_lo
El codigo de negocio debe contener un valor valido (3.11.5)   ;R14413115;bi_corp_bdr.jm_rel_bargl_lo
El valor del campo Codigo de negocio local no es valido (3.11.5) ;R15573115;bi_corp_bdr.jm_rel_bargl_lo
No deben existir registros duplicados (3.11.6);R14993116;bi_corp_bdr.jm_trz_grec_ren
El valor del campo Empresa nuevo debe existir en la tabla de baremos correspondiente (3.11.6);R15003116;bi_corp_bdr.jm_trz_grec_ren
El nuevo grupo economico debe estar en la tabla de Grupos economicos (3.11.6);R15013116;bi_corp_bdr.jm_trz_grec_ren
El valor del campo Empresa antiguo debe existir en la tabla de baremos correspondiente (3.11.6);R15023116;bi_corp_bdr.jm_trz_grec_ren
El antiguo grupo economico debe estar en la tabla de Grupos economicos (3.11.6);R15033116;bi_corp_bdr.jm_trz_grec_ren
El Motivo de Renumeracion Global debe existir en la tabla de baremos correspondiente (3.11.6);R15043116;bi_corp_bdr.jm_trz_grec_ren
La Fecha de inicio debe ser anterior o igual a la Fecha de Baja (3.11.6);R15053116;bi_corp_bdr.jm_trz_grec_ren
No deben existir registros duplicados (3.11.10);R155831110;bi_corp_bdr.jm_baremos_loc
El valor del campo Empresa no existe (3.11.10);R155931110;bi_corp_bdr.jm_baremos_loc
El valor del campo Codigo Negocio Local no existe (3.11.10);R156031110;bi_corp_bdr.jm_baremos_loc
La fecha desde debe ser inferior o igual a la fecha hasta;R156131110;bi_corp_bdr.jm_baremos_loc
No deben existir registros duplicados (3.12.1);R15173121;bi_corp_bdr.jm_inmuebles
El valor del campo Empresa debe existir en la tabla de baremos correspondiente  (3.12.1);R15183121;bi_corp_bdr.jm_inmuebles
El campo identificador de inmueble debe estar informado y no ser cero (3.12.1);R15193121;bi_corp_bdr.jm_inmuebles
El id de inmueble debe existir en la tabla Relacion Inmueble-Garantia (3.12.1);R15203121;bi_corp_bdr.jm_inmuebles
El valor del campo Tipo utilizacion inmueble debe existir en la tabla de baremos correspondiente (3.12.1);R15213121;bi_corp_bdr.jm_inmuebles
El valor del campo Metodo de construccion debe existir en la tabla de baremos correspondiente (3.12.1);R15223121;bi_corp_bdr.jm_inmuebles
El valor del campo Tipo de propiedad debe existir en la tabla de baremos correspondiente (3.12.1);R15233121;bi_corp_bdr.jm_inmuebles
El Ratio de recuperacion por venta privada debe ser igual o mayor que 0 (3.12.1);R14733121;bi_corp_bdr.jm_inmuebles
El Ratio de recuperacion por venta forzada debe ser igual o mayor que 0 (3.12.1);R14743121;bi_corp_bdr.jm_inmuebles
La Media de recuperacion por venta debe ser igual o mayor que 0 (3.12.1);R14753121;bi_corp_bdr.jm_inmuebles
El Ratio de recuperacion ajustado por venta privada debe ser igual o mayor que 0 (3.12.1);R15243121;bi_corp_bdr.jm_inmuebles
El Ratio de recuperacion ajustado por venta forzada debe ser igual o mayor que 0 (3.12.1);R15253121;bi_corp_bdr.jm_inmuebles
La Media de recuperacion ajustada por venta debe ser igual o mayor que 0 (3.12.1);R15263121;bi_corp_bdr.jm_inmuebles
El Periodo de tiempo medio para vender de forma privada debe ser igual o mayor que 0 (3.12.1);R14763121;bi_corp_bdr.jm_inmuebles
El Periodo de tiempo medio para vender de forma forzada debe ser igual o mayor que 0  (3.12.1);R14773121;bi_corp_bdr.jm_inmuebles
El Promedio de Periodo de tiempo medio para vender debe ser igual o mayor que 0 (3.12.1);R14783121;bi_corp_bdr.jm_inmuebles
El valor del campo Indicador metropolis debe contener un valor valido (S, N o espacio) (3.12.1);R15273121;bi_corp_bdr.jm_inmuebles
El valor del campo Indicador Ciudad-Estado debe contener un valor valido (S, N o espacio) (3.12.1);R15283121;bi_corp_bdr.jm_inmuebles
El valor del campo Poder adquisitivo de la zona debe existir en la tabla de baremos correspondiente  (3.12.1);R15293121;bi_corp_bdr.jm_inmuebles
No deben existir registros duplicados (3.12.2);R15303122;bi_corp_bdr.jm_rel_inmgar
El valor del campo Empresa debe existir en la tabla de baremos correspondiente  (3.12.2);R15313122;bi_corp_bdr.jm_rel_inmgar
El campo identificador de inmueble debe estar informado y no ser cero (3.12.2);R15323122;bi_corp_bdr.jm_rel_inmgar
El id de inmueble debe existir en la tabla Inmuebles (3.12.2);R15333122;bi_corp_bdr.jm_rel_inmgar
El id de garantia debe existir en la tabla Garantias Reales (3.12.2);R15343122;bi_corp_bdr.jm_rel_inmgar
La fecha desde debe ser menor o igual a la fecha hasta (3.12.2);R15353122;bi_corp_bdr.jm_rel_inmgar
No deben existir registros duplicados (3.12.3);R15363123;bi_corp_bdr.jm_val_inmu
El valor del campo Empresa debe existir en la tabla de baremos correspondiente  (3.12.3);R15373123;bi_corp_bdr.jm_val_inmu
El identificador de inmueble debe existir en la tabla Inmuebles (3.12.3);R15383123;bi_corp_bdr.jm_val_inmu
El valor del campo Divisa debe existir en la tabla de baremos correspondiente  (3.12.3);R15393123;bi_corp_bdr.jm_val_inmu
La fecha de valoracion debe ser menor o igual que la fecha en la que se esta procesando la informacion (3.12.3);R15403123;bi_corp_bdr.jm_val_inmu
El campo importe de inmueble debe estar informado (3.12.3);R15413123;bi_corp_bdr.jm_val_inmu
La fecha de valoracion debe ser distinta de ‘0001-01-01 y ‘9999-12-31’ (3.12.3);R15423123;bi_corp_bdr.jm_val_inmu
El valor del campo Tipo de Valoracion de Inmueble debe existir en la tabla de baremos correspondiente  (3.12.3);R15433123;bi_corp_bdr.jm_val_inmu
No deben existir registros duplicados (3.14.1);R15753141;bi_corp_bdr.jm_flujos
El valor del campo Empresa no existe (3.14.1);R15763141;bi_corp_bdr.jm_flujos
El identificador del contrato debe estar informado y no ser cero (3.14.1);R15773141;bi_corp_bdr.jm_flujos
El valor del campo clasificacion del movimiento no existe (3.14.1);R15783141;bi_corp_bdr.jm_flujos
No deben existir registros duplicados (3.14.2);R15793142;bi_corp_bdr.jm_vta_carter
El valor del campo Empresa no existe (3.14.2);R15803142;bi_corp_bdr.jm_vta_carter
El identificador del contrato debe estar informado y no ser cero (3.14.2);R15813142;bi_corp_bdr.jm_vta_carter
El valor del campo indicador Credit Related no es valida (3.14.2);R15823142;bi_corp_bdr.jm_vta_carter
No deben existir registros duplicados (3.14.3);R15833143;bi_corp_bdr.jm_acu_mto_nd
El valor del campo Empresa no existe (3.14.3);R15843143;bi_corp_bdr.jm_acu_mto_nd
El identificador del contrato debe estar informado y no ser cero (3.14.3);R15853143;bi_corp_bdr.jm_acu_mto_nd
El valor del campo Tipo de Movimiento no existe (3.14.3);R15863143;bi_corp_bdr.jm_acu_mto_nd
El valor del campo Origen del movimiento no existe (3.14.3);R15873143;bi_corp_bdr.jm_acu_mto_nd
El identificador de contrato debe existir en la tabla Contratos;R0065512321;bi_corp_bdr.jm_derivad_cred
El identificador de cliente subyacente debe existir en la tabla Clientes;R0066512341;bi_corp_bdr.jm_derivad_cred
No deben existir registros duplicados;R0116512;bi_corp_bdr.jm_derivad_cred
El Indicador de Evento Reestructuracion debe contener un valor valido (5.1.2);R1239512;bi_corp_bdr.jm_derivad_cred
El valor del campo Empresa debe existir en la tabla de baremos correspondiente (5.1.2);R1354512;bi_corp_bdr.jm_derivad_cred
El tipo y codigo de emision debe existir en la tabla Posiciones Cartera;R0067514513;bi_corp_bdr.jm_carac_emisio
El identificador de cliente, si esta informado y es distinto de cero, debe existir en la tabla Clientes;R0068514341;bi_corp_bdr.jm_carac_emisio
No deben existir registros duplicados;R0108514;bi_corp_bdr.jm_carac_emisio
La Fecha desde se debe corresponder con la fecha de proceso de la informacion;R0448514;bi_corp_bdr.jm_carac_emisio
El valor del campo Empresa debe existir en la tabla de baremos correspondiente (5.1.4);R1358514;bi_corp_bdr.jm_carac_emisio
El campo Fecha mes se debe corresponder con la fecha de proceso de la informacion;R0427532;bi_corp_bdr.jm_ead_netting
El valor del campo Empresa debe existir en la tabla de baremos correspondiente (5.3.2);R1379532;bi_corp_bdr.jm_ead_netting
El valor del campo Metodo Aplicado debe existir en la tabla de baremos correspondiente (5.3.2);R1380532;bi_corp_bdr.jm_ead_netting
El valor del campo Fase de Calculo debe existir en la tabla de baremos correspondiente (5.3.2);R1381532;bi_corp_bdr.jm_ead_netting
No deben existir registros duplicados (5.3.2);R0129521;bi_corp_bdr.jm_ead_netting
El Id de acuerdo de netting debe existir en la tabla de Acuerdos de netting (5.3.2);R0099521532;bi_corp_bdr.jm_ead_netting
No deben existir registros duplicados;R0136531;bi_corp_bdr.jm_ead_contr
El valor del campo Empresa debe existir en la tabla de baremos correspondiente (5.3.1);R1382531;bi_corp_bdr.jm_ead_contr
El valor del campo Finalidad debe existir en la tabla de baremos correspondiente (5.3.1);R1383531;bi_corp_bdr.jm_ead_contr
El valor del campo Fase de Calculo debe existir en la tabla de baremos correspondiente (5.3.1);R1384531;bi_corp_bdr.jm_ead_contr
El Id de contrato debe existir en la tabla Contratos (5.3.1);R0098321531;bi_corp_bdr.jm_ead_contr
El valor del campo Metodo de liquidacion debe existir en la tabla de baremos correspondiente;R15155314;bi_corp_bdr.jm_ead_contr
El campo E0627_FEOPERAC debe ser una fecha (9999-99-99);J96;bi_corp_bdr.JM_EXPOS_NO_CON
El campo E0627_S1EMP debe ser de tipo decimal  DEC (05,00);J97;bi_corp_bdr.JM_EXPOS_NO_CON
El campo E0627_CONTRA1 debe ser un numerico de NUM (9,0);J98;bi_corp_bdr.JM_EXPOS_NO_CON
El campo E0627_FEC_MES debe ser una fecha (9999-99-99);J99;bi_corp_bdr.JM_EXPOS_NO_CON
El campo E0627_CTA_CONT debe ser un alfanumerico de CHAR(00040);J100;bi_corp_bdr.JM_EXPOS_NO_CON
El campo E0627_AGRCTACB debe ser un alfanumerico de CHAR(00040);J101;bi_corp_bdr.JM_EXPOS_NO_CON
El campo E0627_IMPORTH debe ser de tipo decimal  DEC (17,02);J102;bi_corp_bdr.JM_EXPOS_NO_CON
El campo E0627_IDCTACEN debe ser un alfanumerico de CHAR(00001);J103;bi_corp_bdr.JM_EXPOS_NO_CON
El campo E0627_CENTCTBL debe ser un alfanumerico de CHAR(00040);J105;bi_corp_bdr.JM_EXPOS_NO_CON
El campo E0627_ENTCGBAL debe ser de tipo decimal  DEC (05,00);J106;bi_corp_bdr.JM_EXPOS_NO_CON
El campo E0627_CTACGBAL debe ser un alfanumerico de CHAR(40);J107;bi_corp_bdr.JM_EXPOS_NO_CON
El campo G5508_FEOPERAC debe ser una fecha (9999-99-99);J285;bi_corp_bdr.JM_CLIEN_JURI
El campo G5508_S1EMP debe ser de tipo decimal  DEC (05,00);J286;bi_corp_bdr.JM_CLIEN_JURI
El campo G5508_IDNUMCLI debe ser de tipo decimal  DEC (09,00);J287;bi_corp_bdr.JM_CLIEN_JURI
El campo G5508_INFFECHA debe ser una fecha (9999-99-99);J288;bi_corp_bdr.JM_CLIEN_JURI
El campo G5508_IMPFACTM debe ser de tipo decimal  DEC (17,02);J289;bi_corp_bdr.JM_CLIEN_JURI
El campo G5508_TOT_ACTI debe ser de tipo decimal  DEC (17,02);J290;bi_corp_bdr.JM_CLIEN_JURI
El campo G5508_NUM_EMPL debe ser de tipo decimal  DEC (09,00);J291;bi_corp_bdr.JM_CLIEN_JURI
El campo G5508_ORIG_FAC debe ser de tipo decimal  DEC (05,00);J292;bi_corp_bdr.JM_CLIEN_JURI
El campo G5508_ORIG_ACT debe ser de tipo decimal  DEC (05,00);J293;bi_corp_bdr.JM_CLIEN_JURI
El campo G5508_ORIG_EMP debe ser de tipo decimal  DEC (05,00);J294;bi_corp_bdr.JM_CLIEN_JURI
El campo G5508_FECULTMO debe ser una fecha (9999-99-99);J295;bi_corp_bdr.JM_CLIEN_JURI
El campo G5508_TDEUDACL debe ser de tipo decimal  DEC (17,02);J296;bi_corp_bdr.JM_CLIEN_JURI
El campo G5508_RAT_CET1 debe ser un numerico de NUM (9,6);J297;bi_corp_bdr.JM_CLIEN_JURI
El campo G5508_TASAMORA debe ser un numerico de NUM (9,6);J298;bi_corp_bdr.JM_CLIEN_JURI
El campo G5508_TOT_EQTY debe ser un numerico de NUM (17,2);J299;bi_corp_bdr.JM_CLIEN_JURI
El campo G5508_ORGDEPEN debe ser un numerico de NUM (9,0);J300;bi_corp_bdr.JM_CLIEN_JURI
El campo G5508_FLGEMPNO debe ser un alfanumerico de CHAR(000001);J301;bi_corp_bdr.JM_CLIEN_JURI
El campo G5512_FEOPERAC debe ser una fecha (9999-99-99);J302;bi_corp_bdr.JM_GRUP_ECONO
El campo G5512_S1EMP debe ser de tipo decimal  DEC (05,00);J303;bi_corp_bdr.JM_GRUP_ECONO
El campo G5512_GRUP_ECO debe ser de tipo decimal  DEC (09,00);J304;bi_corp_bdr.JM_GRUP_ECONO
El campo G5512_DCODGRUP debe ser un numerico de NUM (9,0);J305;bi_corp_bdr.JM_GRUP_ECONO
El campo G5512_DGRUPO debe ser un alfanumerico de CHAR(00080);J306;bi_corp_bdr.JM_GRUP_ECONO
El campo G5512_IDSUCUR debe ser un alfanumerico de CHAR (40);J307;bi_corp_bdr.JM_GRUP_ECONO
El campo G5512_ID_PAIS debe ser de tipo decimal  DEC (05,00);J308;bi_corp_bdr.JM_GRUP_ECONO
El campo G5512_IMPFACTM debe ser de tipo decimal  DEC (17,02);J309;bi_corp_bdr.JM_GRUP_ECONO
El campo G5512_TOT_ACTI debe ser de tipo decimal  DEC (17,02);J310;bi_corp_bdr.JM_GRUP_ECONO
El campo G5512_NUM_EMPL debe ser de tipo decimal  DEC (09,00);J311;bi_corp_bdr.JM_GRUP_ECONO
El campo G5512_ORIG_FAC debe ser un numerico de NUM (5,0);J312;bi_corp_bdr.JM_GRUP_ECONO
El campo G5512_ORIG_ACT debe ser un numerico de NUM (5,0);J313;bi_corp_bdr.JM_GRUP_ECONO
El campo G5512_ORIG_EMP debe ser un numerico de NUM (5,0);J314;bi_corp_bdr.JM_GRUP_ECONO
El campo G5512_IMPT_RGO debe ser un numerico de NUM (17,2);J315;bi_corp_bdr.JM_GRUP_ECONO
El campo G5512_FECINFAC debe ser una fecha (9999-99-99);J316;bi_corp_bdr.JM_GRUP_ECONO
El campo G5512_GRECOSEC debe ser de tipo decimal  DEC (05,00);J317;bi_corp_bdr.JM_GRUP_ECONO
El campo G5512_CODDIV debe ser un alfanumerico de CHAR (3);J318;bi_corp_bdr.JM_GRUP_ECONO
El campo G5512_FECULTMO debe ser una fecha (9999-99-99);J319;bi_corp_bdr.JM_GRUP_ECONO
El campo G5512_TDEUDAGR debe ser un numerico de NUM (17,2);J320;bi_corp_bdr.JM_GRUP_ECONO
El campo G5512_FLGEMPNO debe ser un alfanumerico de CHAR(1);J321;bi_corp_bdr.JM_GRUP_ECONO
El campo G5515_FEOPERAC debe ser una fecha (9999-99-99);J322;bi_corp_bdr.JM_GRUP_RELA
El campo G5515_S1EMP debe ser de tipo decimal  DEC (05,00);J323;bi_corp_bdr.JM_GRUP_RELA
El campo G5515_GRUP_ECO debe ser de tipo decimal  DEC (09,00);J324;bi_corp_bdr.JM_GRUP_RELA
El campo G5515_IDNUMCLI debe ser de tipo decimal  DEC (09,00);J325;bi_corp_bdr.JM_GRUP_RELA
El campo G5515_ROL_JERA debe ser de tipo decimal  DEC (05,00);J326;bi_corp_bdr.JM_GRUP_RELA
El campo G4124_FEOPERAC debe ser una fecha (9999-99-99);J356;bi_corp_bdr.JM_GARANT_CTO
El campo G4124_S1EMP debe ser de tipo decimal  DEC (05,00);J357;bi_corp_bdr.JM_GARANT_CTO
El campo G4124_CONTRA1 debe ser de tipo decimal  DEC (09,00);J358;bi_corp_bdr.JM_GARANT_CTO
El campo G4124_TIP_GARA debe ser de tipo decimal  DEC (05,00);J359;bi_corp_bdr.JM_GARANT_CTO
El campo G4124_BIENGAR1 debe ser de tipo decimal  DEC (09,00);J360;bi_corp_bdr.JM_GARANT_CTO
El campo G4124_FECINI debe ser una fecha (9999-99-99);J361;bi_corp_bdr.JM_GARANT_CTO
El campo G4124_FECBAJA debe ser una fecha (9999-99-99);J362;bi_corp_bdr.JM_GARANT_CTO
El campo G4124_FECVCTO debe ser una fecha (9999-99-99);J363;bi_corp_bdr.JM_GARANT_CTO
El campo G4124_COD_GAR debe ser de tipo decimal  DEC (05,00);J364;bi_corp_bdr.JM_GARANT_CTO
El campo G4124_COD_GAR2 debe ser de tipo decimal  DEC (05,00);J365;bi_corp_bdr.JM_GARANT_CTO
El campo G4124_TIPO_INS debe ser de tipo decimal  DEC (05,00);J366;bi_corp_bdr.JM_GARANT_CTO
El campo G4124_IND_PIGN debe ser un alfanumerico de CHAR(00001);J367;bi_corp_bdr.JM_GARANT_CTO
El campo G4124_TIP_AVAL debe ser de tipo decimal  DEC (05,00);J368;bi_corp_bdr.JM_GARANT_CTO
El campo G4124_TIP_COBE debe ser de tipo decimal  DEC (05,00);J369;bi_corp_bdr.JM_GARANT_CTO
El campo G4124_EST_GARA debe ser de tipo decimal  DEC (05,00);J370;bi_corp_bdr.JM_GARANT_CTO
El campo G4124_PORCOBER debe ser de tipo decimal  DEC (09,06);J371;bi_corp_bdr.JM_GARANT_CTO
El campo G4124_COB_INIC debe ser de tipo decimal  DEC (09,06);J372;bi_corp_bdr.JM_GARANT_CTO
El campo G4124_IMPT_NOM debe ser de tipo decimal  DEC (17,02);J373;bi_corp_bdr.JM_GARANT_CTO
El campo G4124_IMP_ACTU debe ser de tipo decimal  DEC (17,02);J374;bi_corp_bdr.JM_GARANT_CTO
El campo G4124_COMF_LET debe ser un numerico de NUM (5,0);J375;bi_corp_bdr.JM_GARANT_CTO
El campo G4124_FECULTMO debe ser una fecha (9999-99-99);J376;bi_corp_bdr.JM_GARANT_CTO
El campo G4124_NUM_ASEG debe ser un numerico de NUM (5,0);J377;bi_corp_bdr.JM_GARANT_CTO
El campo G4124_CODDIV debe ser un alfanumerico de CHAR(00003);J378;bi_corp_bdr.JM_GARANT_CTO
El campo G4124_IDNUMCLI debe ser un numerico de NUM (9,0);J379;bi_corp_bdr.JM_GARANT_CTO
El campo G4124_INDBLO debe ser un alfanumerico de CHAR(1);J380;bi_corp_bdr.JM_GARANT_CTO
El campo G4124_INDRGOSB debe ser un alfanumerico de CHAR(1);J381;bi_corp_bdr.JM_GARANT_CTO
El campo G4124_INDCOBPF debe ser un alfanumerico de CHAR(00001);J382;bi_corp_bdr.JM_GARANT_CTO
El campo G4124_VALASEJU debe ser un alfanumerico de CHAR(00001);J383;bi_corp_bdr.JM_GARANT_CTO
El campo G4124_REPAPORC debe ser de tipo decimal  DEC (09,06);J384;bi_corp_bdr.JM_GARANT_CTO
El campo G4124_ORDAPGAR debe ser de tipo decimal  DEC (05,00);J385;bi_corp_bdr.JM_GARANT_CTO
El campo G4124_RANGOHIP debe ser un alfanumerico de CHAR(00001);J386;bi_corp_bdr.JM_GARANT_CTO
El campo G4124_N_IMPAGO debe ser un numerico de NUM(5,0);J387;bi_corp_bdr.JM_GARANT_CTO
El campo G4091_FEOPERAC debe ser una fecha (9999-99-99);J388;bi_corp_bdr.JM_GARA_REAL
El campo G4091_S1EMP debe ser de tipo decimal  DEC (05,00);J389;bi_corp_bdr.JM_GARA_REAL
El campo G4091_BIENGAR1 debe ser de tipo decimal  DEC (09,00);J390;bi_corp_bdr.JM_GARA_REAL
El campo G4091_CONTRA1 debe ser de tipo decimal  DEC (09,00);J391;bi_corp_bdr.JM_GARA_REAL
El campo G4091_ID_PROD debe ser de tipo decimal  DEC (05,00);J392;bi_corp_bdr.JM_GARA_REAL
El campo G4091_COD_BIEN debe ser de tipo decimal  DEC (05,00);J393;bi_corp_bdr.JM_GARA_REAL
El campo G4091_BCO_CUST debe ser un alfanumerico de CHAR (40);J394;bi_corp_bdr.JM_GARA_REAL
El campo G4091_BSINDI1 debe ser un alfanumerico de CHAR(00001);J395;bi_corp_bdr.JM_GARA_REAL
El campo G4091_INDCOTIZ debe ser un alfanumerico de CHAR(1);J396;bi_corp_bdr.JM_GARA_REAL
El campo G4091_DEUDAPUB debe ser un numerico de NUM (5,0);J397;bi_corp_bdr.JM_GARA_REAL
El campo G4091_INDDEUDA debe ser un numerico de NUM (5,0);J398;bi_corp_bdr.JM_GARA_REAL
El campo G4091_TIPFRECU debe ser un numerico de NUM (5,0);J399;bi_corp_bdr.JM_GARA_REAL
El campo G4091_FRECPLAZ debe ser un numerico de NUM (17,6);J400;bi_corp_bdr.JM_GARA_REAL
El campo G4091_DKAFECTO debe ser un alfanumerico de CHAR(1);J401;bi_corp_bdr.JM_GARA_REAL
El campo G4091_CLA_BIEN debe ser de tipo decimal  DEC (05,00);J402;bi_corp_bdr.JM_GARA_REAL
El campo G4091_ID_PAIS debe ser de tipo decimal  DEC (05,00);J403;bi_corp_bdr.JM_GARA_REAL
El campo G4091_ORD_HIPO debe ser de tipo decimal  DEC (17,06);J404;bi_corp_bdr.JM_GARA_REAL
El campo G4091_CODIVISA debe ser un alfanumerico de CHAR(00003);J405;bi_corp_bdr.JM_GARA_REAL
El campo G4091_FCHAVCTO debe ser una fecha (9999-99-99);J406;bi_corp_bdr.JM_GARA_REAL
El campo G4091_INF_REGI debe ser un alfanumerico de CHAR (40);J407;bi_corp_bdr.JM_GARA_REAL
El campo G4091_IDEMIS debe ser de tipo decimal  DEC (05,00);J408;bi_corp_bdr.JM_GARA_REAL
El campo G4091_CODIDPER debe ser un alfanumerico de CHAR(00040);J409;bi_corp_bdr.JM_GARA_REAL
El campo G4091_IDNUMCLI debe ser de tipo decimal  DEC (09,00);J410;bi_corp_bdr.JM_GARA_REAL
El campo G4091_EMIS_PZO debe ser de tipo decimal  DEC (05,00);J411;bi_corp_bdr.JM_GARA_REAL
El campo G4091_CODMERCD debe ser un numerico de NUM (5,0);J412;bi_corp_bdr.JM_GARA_REAL
El campo G4091_NUM_TITU debe ser un numerico de NUM (17,6);J413;bi_corp_bdr.JM_GARA_REAL
El campo G4091_INDICEA1 debe ser un numerico de NUM (5,0);J414;bi_corp_bdr.JM_GARA_REAL
El campo G4091_TIP_INTE debe ser un numerico de NUM (5,0);J415;bi_corp_bdr.JM_GARA_REAL
El campo G4091_CODCOMPA debe ser un alfanumerico de CHAR (40);J416;bi_corp_bdr.JM_GARA_REAL
El campo G4091_GRADOCOB debe ser un numerico de NUM (9,6);J417;bi_corp_bdr.JM_GARA_REAL
El campo G4091_NUM_DOC debe ser un alfanumerico de CHAR (40);J418;bi_corp_bdr.JM_GARA_REAL
El campo G4091_INDACEPT debe ser un alfanumerico de CHAR(1);J419;bi_corp_bdr.JM_GARA_REAL
El campo G4091_INDDDOMI debe ser un alfanumerico de CHAR(1);J420;bi_corp_bdr.JM_GARA_REAL
El campo G4091_INDBLO debe ser un alfanumerico de CHAR(00001);J421;bi_corp_bdr.JM_GARA_REAL
El campo G4091_IMCARG debe ser un numerico de NUM (17,2);J422;bi_corp_bdr.JM_GARA_REAL
El campo G4091_FECULTMO debe ser una fecha (9999-99-99);J423;bi_corp_bdr.JM_GARA_REAL
El campo G4091_CODPOSGR debe ser un alfanumerico de CHAR(00040);J424;bi_corp_bdr.JM_GARA_REAL
El campo G4091_INAYUDPB debe ser un alfanumerico de CHAR(1);J425;bi_corp_bdr.JM_GARA_REAL
El campo G4091_TIP_HIPO debe ser de tipo decimal  DEC (05,00);J426;bi_corp_bdr.JM_GARA_REAL
El campo G7025_S1EMP debe ser de tipo decimal  DEC (05,00);J502;bi_corp_bdr.JM_TRZ_CONT_REN 
El campo G7025_CONTRA1 debe ser de tipo decimal  DEC (09,00);J503;bi_corp_bdr.JM_TRZ_CONT_REN 
El campo G7025_EMP_ANT debe ser de tipo decimal  DEC (05,00);J504;bi_corp_bdr.JM_TRZ_CONT_REN 
El campo G7025_CONT_ANT debe ser de tipo decimal  DEC (09,00);J505;bi_corp_bdr.JM_TRZ_CONT_REN 
El campo G7025_MOTRENU debe ser de tipo decimal  DEC (05,00);J506;bi_corp_bdr.JM_TRZ_CONT_REN 
El campo G7025_FEALTREL debe ser una fecha (9999-99-99);J507;bi_corp_bdr.JM_TRZ_CONT_REN 
El campo G7025_FEC_MOD debe ser una fecha (9999-99-99);J508;bi_corp_bdr.JM_TRZ_CONT_REN 
El campo G7025_IMPRESTR debe ser un numerico de NUM (17,02);J509;bi_corp_bdr.JM_TRZ_CONT_REN 
El campo G7025_CODDIV debe ser un alfanumerico de CHAR (00003);J510;bi_corp_bdr.JM_TRZ_CONT_REN 
El campo G7025_MOTRENUG debe ser de tipo decimal  DEC (05,00);J511;bi_corp_bdr.JM_TRZ_CONT_REN 
El campo G7025_FEC_BAJA debe ser una fecha (9999-99-99);J512;bi_corp_bdr.JM_TRZ_CONT_REN 
El campo R9746_FEOPERAC debe ser una fecha (9999-99-99);J581;bi_corp_bdr.JM_FLUJOS
El campo R9746_S1EMP debe ser un numerico de NUM (5,0);J582;bi_corp_bdr.JM_FLUJOS
El campo R9746_CONTRA1 debe ser un numerico de NUM (9,0);J583;bi_corp_bdr.JM_FLUJOS
El campo R9746_FECMVTO debe ser una fecha (9999-99-99);J584;bi_corp_bdr.JM_FLUJOS
El campo R9746_CLASMVTO debe ser un numerico de NUM (5,0);J585;bi_corp_bdr.JM_FLUJOS
El campo R9746_IMPORTE debe ser un numerico de NUM (17,2);J586;bi_corp_bdr.JM_FLUJOS
El campo R9746_SALONBAL debe ser un numerico de NUM (17,2);J587;bi_corp_bdr.JM_FLUJOS
El campo R9736_FEOPERAC debe ser una fecha (9999-99-99);J588;bi_corp_bdr.JM_VTA_CARTER
El campo R9736_S1EMP debe ser un numerico de NUM (5,0);J589;bi_corp_bdr.JM_VTA_CARTER
El campo R9736_CONTRA1 debe ser un numerico de NUM (9,0);J590;bi_corp_bdr.JM_VTA_CARTER
El campo R9736_FVTACART debe ser una fecha (9999-99-99);J591;bi_corp_bdr.JM_VTA_CARTER
El campo R9736_IMPPDTE debe ser un numerico de NUM (17,2);J592;bi_corp_bdr.JM_VTA_CARTER
El campo R9736_PRECIOOB debe ser un numerico de NUM (17,2);J593;bi_corp_bdr.JM_VTA_CARTER
El campo R9736_IND_CREDIT debe ser un alfanumerico de CHAR (1);J594;bi_corp_bdr.JM_VTA_CARTER
El campo G7015_S1EMP debe ser un numerico de NUM (5,0);J595;bi_corp_bdr.jm_trz_cliente
El campo G7015_IDNUMCLI debe ser un numerico de 9;J596;bi_corp_bdr.jm_trz_cliente
El campo G7015_FECDESDE debe ser una fecha (9999-99-99);J597;bi_corp_bdr.jm_trz_cliente
El campo G7015_IDSISTE debe ser un numerico de 9;J598;bi_corp_bdr.jm_trz_cliente
El campo G7015_TIP_PER debe ser un alfanumerico de CHAR (1);J599;bi_corp_bdr.jm_trz_cliente
El campo G7015_CDG_PERS debe ser un numerico de 9;J600;bi_corp_bdr.jm_trz_cliente
El campo G7015_CODSISTE debe ser un alfanumerico de CHAR(00050);J601;bi_corp_bdr.jm_trz_cliente
El campo G7015_FEC_HAS debe ser una fecha (9999-99-99);J602;bi_corp_bdr.jm_trz_cliente
El campo G7015_FEC_MOD debe ser una fecha (9999-99-99);J603;bi_corp_bdr.jm_trz_cliente
El campo R9415_FEOPERAC debe ser una fecha (9999-99-99);J604;bi_corp_bdr.jm_cal_ext_cl
El campo R9415_FECCALIF debe ser una fecha (9999-99-99);J605;bi_corp_bdr.jm_cal_ext_cl
El campo R9415_S1EMP debe ser un numerico de NUM (5,0);J606;bi_corp_bdr.jm_cal_ext_cl
El campo R9415_IDNUMCLI debe ser un numerico de NUM (9,0);J607;bi_corp_bdr.jm_cal_ext_cl
El campo R9415_COD_AGEN debe ser un numerico de NUM (5,0);J608;bi_corp_bdr.jm_cal_ext_cl
El campo R9415_CCODPLZ debe ser un numerico de NUM (5,0);J609;bi_corp_bdr.jm_cal_ext_cl
El campo R9415_TIPMONED debe ser un numerico de NUM (5,0);J610;bi_corp_bdr.jm_cal_ext_cl
El campo R9415_CALIFMAE debe ser un alfanumerico de CHAR(40);J611;bi_corp_bdr.jm_cal_ext_cl
El campo E9954_FEOPERAC debe ser una fecha (9999-99-99);J612;bi_corp_bdr.jm_cal_in_cl
El campo E9954_S1EMP debe ser un numerico de NUM (5,0);J613;bi_corp_bdr.jm_cal_in_cl
El campo E9954_IDNUMCLI debe ser un numerico de NUM (9,0);J614;bi_corp_bdr.jm_cal_in_cl
El campo E9954_FECCALI debe ser una fecha (9999-99-99);J615;bi_corp_bdr.jm_cal_in_cl
El campo E9954_TIPMODEL debe ser un numerico de NUM (5,0);J616;bi_corp_bdr.jm_cal_in_cl
El campo E9954_TIPMODE2 debe ser un numerico de NUM (5,0);J617;bi_corp_bdr.jm_cal_in_cl
El campo E9954_IDMODEL debe ser un numerico de NUM (9,0);J618;bi_corp_bdr.jm_cal_in_cl
El campo E9954_TIPO debe ser un numerico de NUM (5,0);J619;bi_corp_bdr.jm_cal_in_cl
El campo E9954_IDPUNSCO debe ser un numerico de NUM (11,0);J620;bi_corp_bdr.jm_cal_in_cl
El campo E9954_FECCADUC debe ser una fecha (9999-99-99);J621;bi_corp_bdr.jm_cal_in_cl
El campo E9954_C1TARPUN debe ser un numerico de NUM (5,0);J622;bi_corp_bdr.jm_cal_in_cl
El campo E9954_C1SPID debe ser un numerico de NUM (5,0);J623;bi_corp_bdr.jm_cal_in_cl
El campo E9954_C1DIGCON debe ser un numerico de NUM (5,0);J624;bi_corp_bdr.jm_cal_in_cl
El campo E0621_FECULTMO debe ser una fecha (9999-99-99);J625;bi_corp_bdr.jm_cal_in_cl
El campo E9954_MOTIVFOR debe ser un numerico de NUM (5,0);J626;bi_corp_bdr.jm_cal_in_cl
El campo E9954_IDPUNSC2 debe ser un numerico de NUM (11,0);J627;bi_corp_bdr.jm_cal_in_cl
El campo E9954_FECREPFI debe ser una fecha (9999-99-99);J628;bi_corp_bdr.jm_cal_in_cl
El campo E9954_FECINOFC debe ser una fecha (9999-99-99);J629;bi_corp_bdr.jm_cal_in_cl
El campo G4134_FEOPERAC debe ser una fecha (9999-99-99);J630;bi_corp_bdr.jm_val_gara   
El campo G4134_S1EMP debe ser un numerico de NUM (5,0);J631;bi_corp_bdr.jm_val_gara    
El campo G4134_BIENGAR1 debe ser un numerico de NUM (9,0);J632;bi_corp_bdr.jm_val_gara 
El campo G4134_FECHVALR debe ser una fecha (9999-99-99);J633;bi_corp_bdr.jm_val_gara   
El campo G4134_NOMENTI es un campo con 40 espacios en blanco;J634;bi_corp_bdr.jm_val_gara 
El campo G4134_IMGARANT debe ser un numerico de NUM (17,0);J635;bi_corp_bdr.jm_val_gara 
El campo G4134_FECULTMO debe ser una fecha (9999-99-99);J636;bi_corp_bdr.jm_val_gara    
El campo G4134_TIPVALN debe ser un numerico de NUM (5,0);J637;bi_corp_bdr.jm_val_gara   
El campo G4134_TIP_GARA debe ser un numerico de NUM (5,0);J638;bi_corp_bdr.jm_val_gara  
El campo G4134_CODDIV debe ser un alfanumerico de 3;J639;bi_corp_bdr.jm_val_gara 
El campo H0780_FEOPERAC debe ser una fecha (9999-99-99);J640;bi_corp_bdr.jm_inf_ad_cli 
El campo H0780_S1EMP debe ser un numerico de NUM (5,0);J641;bi_corp_bdr.jm_inf_ad_cli
El campo H0780_IDNUMCLI debe ser un numerico de NUM (9,0);J642;bi_corp_bdr.jm_inf_ad_cli
El campo H0780_TIPINFRL debe ser un numerico de NUM (5,0);J643;bi_corp_bdr.jm_inf_ad_cli
El campo H0780_TIPINFRG debe ser un numerico de NUM (5,0);J644;bi_corp_bdr.jm_inf_ad_cli
El campo H0780_IMPORTH debe ser un numerico signado 17;J645;bi_corp_bdr.jm_inf_ad_cli 
El campo H0780_CODDIV debe ser un alfanumerico de 3;J646;bi_corp_bdr.jm_inf_ad_cli  
El campo H0780_FECHAACT debe ser una fecha (9999-99-99);J647;bi_corp_bdr.jm_inf_ad_cli
El campo H0780_FECULTMO debe ser una fecha (9999-99-99);J648;bi_corp_bdr.jm_inf_ad_cli
El campo H0780_CUOTPRES debe ser un numerico signado 17;J649;bi_corp_bdr.jm_inf_ad_cli 
El campo H0780_INGCLIEN debe ser un numerico signado 17;J650;bi_corp_bdr.jm_inf_ad_cli
El campo H0780_NUM_MTOS debe ser un numerico de NUM (9,0);J651;bi_corp_bdr.jm_inf_ad_cli
El campo H0780_FECINGRE debe ser una fecha (9999-99-99);J652;bi_corp_bdr.jm_inf_ad_cli
El campo H0780_RDEUDING debe ser un numerico de NUM (9,0);J653;bi_corp_bdr.jm_inf_ad_cli
El campo H0780_TIP_EMPR debe ser un numerico de NUM (5,0);J654;bi_corp_bdr.jm_inf_ad_cli
El campo H0780_TOT_INGR debe ser un numerico signado 17;J655;bi_corp_bdr.jm_inf_ad_cli 
El campo H0780_TOT_DEUF debe ser un numerico signado 17;J656;bi_corp_bdr.jm_inf_ad_cli 
El campo H0780_FLGACSLD debe ser un numerico de NUM (5,0);J657;bi_corp_bdr.jm_inf_ad_cli
El campo G4128_FECULTMO debe ser de tipo fecha yyyy-mm-dd;L140;bi_corp_bdr.jm_interv_cto
El campo G4128_FEOPERAC debe ser de tipo fecha yyyy-mm-dd;L141;bi_corp_bdr.jm_interv_cto
El campo G4128_NUMORDIN debe ser un numerico de NUM (17,6);L142;bi_corp_bdr.jm_interv_cto
El campo G4128_CONTRA1 debe ser un numerico de NUM (9,0);L143;bi_corp_bdr.jm_interv_cto
El campo G4128_IDNUMCLI debe ser un numerico de NUM (9,0);L144;bi_corp_bdr.jm_interv_cto
El campo G4128_S1EMP debe ser un numerico de NUM (5,0);L145;bi_corp_bdr.jm_interv_cto
El campo G4128_TIPINTEV debe ser un numerico de NUM (5,0);L146;bi_corp_bdr.jm_interv_cto
El campo G4128_TIPINTV2 debe ser un numerico de NUM (5,0);L147;bi_corp_bdr.jm_interv_cto
El campo G4128_FORMINTV debe ser un numerico de NUM (5,0);L148;bi_corp_bdr.jm_interv_cto
El campo G4128_PORPARTN debe ser un numerico de NUM (9,6);L149;bi_corp_bdr.jm_interv_cto
